a02831f141bd1ed06b9f876010ab9abe0d34d425,DELETE,regular-file,Content/Effects/MaterialFunctions/MF_MannequinEdge.uasset,130,
f384243f5c6ba2043ea45774f94dd2a56510218e,DELETE,regular-file,Content/Effects/MaterialFunctions/MF_MannequinHitMacro.uasset,130,
3e46d099a585f4a2cbd1f074662ceb7f2feb0f35,DELETE,regular-file,Content/Effects/MaterialFunctions/MF_MannequinLaunchEdgeGlow.uasset,130,
ac67e60eb35a58ee620bd0f7dc2a41cc62cf1940,DELETE,regular-file,Content/Effects/Textures/General/squares.uasset,130,
4be9fa297bd0182aecb98fa13cf89358b4113a81,DELETE,regular-file,Content/Framework/BP_MenuController.uasset,131,
547bf6dc488e40a160529f75ab0a7df1f71efcfa,DELETE,regular-file,Content/Framework/BP_MenuPawn.uasset,130,
0cb4ca3f942e20d6888dddded785791ed226522f,DELETE,regular-file,Content/Framework/BP_Menu_GameMode.uasset,131,
7ad74071e2396152a690fb77f2f196d83bdbf438,DELETE,regular-file,Content/Framework/BP_Shooter_GameInstance.uasset,131,
e9aa6c0da43b1d037205a31cbf35f94a1b16fe7e,DELETE,regular-file,Content/Framework/BP_Shooter_GameMode.uasset,130,
e8ad4de21a36448c97146cb3573c3063dee3c3f2,DELETE,regular-file,Content/Framework/BP_Shooter_PlayerController.uasset,130,
269a6d16d286b51b0f0349273aabcef00ea5e36e,DELETE,regular-file,Content/Maps/LevelInfo_Table.uasset,129,
4e0b29ec55848ca6183b39b0e697153aa98bf616,DELETE,regular-file,Content/Maps/Map_01.umap,130,
d902e3dda21fc8f04e6c04391278422b0466595b,DELETE,regular-file,Content/Maps/Map_02.umap,130,
54e8503416eded23e73e742f55528ec2b89f0b6f,DELETE,regular-file,Content/Maps/Menu/LobbyMenu_Map.umap,130,
b76519bc9306bd58fe1b936b2c50464c788dc7ea,DELETE,regular-file,Content/Maps/Menu/MainMenu_Map.umap,130,
a97c08ad7329d06589ae89a3d6ef7a60a1110020,DELETE,regular-file,Content/Maps/Menu/TravelMap.umap,129,
5ddcae39c0acd7d59040aed6c6362c7aaa0e83a4,DELETE,regular-file,Content/Maps/S_LevelInfo.uasset,129,
bf795e213af7a3ede34dad015cdffe45f50d9e6b,DELETE,regular-file,Content/MilitaryWeapDark/FX/Materials/M_AssaultRifle_MuzzleFlash_4x1.uasset,130,
1e96662be0804ab7136118033766ddb6cdf00a06,DELETE,regular-file,Content/MilitaryWeapDark/FX/Materials/M_Debris_Tileable_01.uasset,130,
fa5ac71850b63ec14e66b7d88cbde5a441ed946c,DELETE,regular-file,Content/MilitaryWeapDark/FX/Materials/M_Ember_01.uasset,130,
46c52d67eeecbdce289684bf2057c3e5bfd89125,DELETE,regular-file,Content/MilitaryWeapDark/FX/Materials/M_Ember_Speed_01.uasset,130,
89c07de1fa5f0ca35b262efbeac2e5f3738b837f,DELETE,regular-file,Content/MilitaryWeapDark/FX/Materials/M_Explosion_8x8_A_01.uasset,131,
eed15857695363d263eb8645e0485fa8d5aa6a69,DELETE,regular-file,Content/MilitaryWeapDark/FX/Materials/M_GlowSphere_01.uasset,130,
6811bf52fea10d70c6b66eb21eea3b6d6a21372b,DELETE,regular-file,Content/MilitaryWeapDark/FX/Materials/M_Knife_RibbonTrail_01.uasset,130,
739f022ff8cbb714041bebc50c7f4e4cc7ee9aa4,DELETE,regular-file,Content/MilitaryWeapDark/FX/Materials/M_LightRay_01.uasset,130,
83b1637c1f19b4ea5417da4988641d18a52d0f46,DELETE,regular-file,Content/MilitaryWeapDark/FX/Materials/M_Pistol_MuzzleFlash_4x1_A.uasset,130,
036e37fd2dc57d92b6693e0355379ad5cdc28633,DELETE,regular-file,Content/MilitaryWeapDark/FX/Materials/M_Pistol_Smoke_2x2_A.uasset,130,
c284b1e293a832e22771ccff45826ac153fab808,DELETE,regular-file,Content/MilitaryWeapDark/FX/Materials/M_Pistol_Streaks_01.uasset,130,
7e648b1fd4017e75c691ad74a99d9a5290a1f690,DELETE,regular-file,Content/MilitaryWeapDark/FX/Materials/M_RockMesh_01.uasset,130,
b8be753ae5eab6dee2cc1196e5be062d1bc21eea,DELETE,regular-file,Content/MilitaryWeapDark/FX/Materials/M_RockSmall_01.uasset,130,
9d9125fc0567116991b852a5f62e224f1a5cd3d2,DELETE,regular-file,Content/MilitaryWeapDark/FX/Materials/M_RocketExplosion_8x8_A_01_Inst.uasset,130,
fc3de71b94341a97a2f8d79f21a7b621e831670d,DELETE,regular-file,Content/MilitaryWeapDark/FX/Materials/M_RocketLauncher_Trail_01_Inst.uasset,130,
5522785453b9db9a948bf9a7e652fe742ae6cd3b,DELETE,regular-file,Content/MilitaryWeapDark/FX/Materials/M_RocketLauncher_Trail_02_Inst.uasset,130,
3923024775909dd9412f3c231c5c9cdfbcf53131,DELETE,regular-file,Content/MilitaryWeapDark/FX/Materials/M_Shockwave_Refraction_01.uasset,130,
cadc0473ecafd340ffa9b63e13e3af2ad0fcc89e,DELETE,regular-file,Content/MilitaryWeapDark/FX/Materials/M_SmokeRibbon_01.uasset,130,
ff7db2bf52780a2dde1bba18f58f9f73dcfefe1d,DELETE,regular-file,Content/MilitaryWeapDark/FX/Materials/M_SmokeSimple_01.uasset,130,
8074f38bfa9af8fd2ce075cf662703a4059b82a2,DELETE,regular-file,Content/MilitaryWeapDark/FX/Materials/M_Smoke_8x8_B_01.uasset,131,
26beabb2a6b484fcdfc5cb71dbf1617aa79d506e,DELETE,regular-file,Content/MilitaryWeapDark/FX/Materials/M_Smoke_8x8_B_01_Inst.uasset,130,
d10d1436406a8a4116a2c2aab4044af1029bc3d2,DELETE,regular-file,Content/MilitaryWeapDark/FX/Materials/M_SparksImpact_2x2_01.uasset,130,
abf1e04c14b51150044e998ab7e81f060e49e372,DELETE,regular-file,Content/MilitaryWeapDark/FX/Materials/M_Sparks_02.uasset,130,
1202ee693643e153703affc9d5ad6313827f4d05,DELETE,regular-file,Content/MilitaryWeapDark/FX/Materials/M_Sparks_4x1_01.uasset,130,
16b414004418259c94e451b47b4f24bb10e1a8b9,DELETE,regular-file,Content/MilitaryWeapDark/FX/Materials/M_Tracer_A.uasset,130,
09d09c021776aa83195aa2157febf7da63af8bb6,DELETE,regular-file,Content/MilitaryWeapDark/FX/Materials/M_Woodchips_8x1_01.uasset,130,
f1c82d31cbd70bdee816956233f54bca165115d4,DELETE,regular-file,Content/MilitaryWeapDark/FX/Meshes/St_CubeTester_01.uasset,130,
6cb7658a77f7c9b1d5b604c1dc3a63b5a80db5ce,DELETE,regular-file,Content/MilitaryWeapDark/FX/Meshes/St_Rock_01.uasset,131,
3670743871da4422e9042ba79e12d29273efc22d,DELETE,regular-file,Content/MilitaryWeapDark/FX/Meshes/St_Sphere_01.uasset,131,
fb36f7224932b1863f5f8299474341870159c0e1,DELETE,regular-file,Content/MilitaryWeapDark/FX/Meshes/St_Tracer_A.uasset,130,
d96592709a3c4fb4723b4f2801baa7f65db7cf1d,DELETE,regular-file,Content/MilitaryWeapDark/FX/P_AssaultRifle_MuzzleFlash.uasset,131,
7c0ecba8d5b3f583079bd522a39e73fd4ecc6108,DELETE,regular-file,Content/MilitaryWeapDark/FX/P_AssaultRifle_Tracer_01.uasset,131,
0193b5585c3c7a704f0c9c58c970beb7b9992f77,DELETE,regular-file,Content/MilitaryWeapDark/FX/P_Grenade_Explosion_01.uasset,131,
d9ed4a21f1df343bcbeba15258443cd5c9dc7f75,DELETE,regular-file,Content/MilitaryWeapDark/FX/P_Grenade_MuzzleFlash_01.uasset,131,
2407de8993dbae6e933de2641c44d01c4c444c0f,DELETE,regular-file,Content/MilitaryWeapDark/FX/P_Grenade_Trail_01.uasset,131,
ba990dff745d9b4f106dbbc524f3208d584fccb4,DELETE,regular-file,Content/MilitaryWeapDark/FX/P_Impact_Metal_Large_01.uasset,131,
3b0f806422237833ca353babd72e376e00704a2d,DELETE,regular-file,Content/MilitaryWeapDark/FX/P_Impact_Metal_Medium_01.uasset,131,
3e282634c9f79a4a5ad232c3c8e2c5f21f5e1a85,DELETE,regular-file,Content/MilitaryWeapDark/FX/P_Impact_Metal_Small_01.uasset,131,
5204fcfe8b618946f95ebbb0717248591908af3c,DELETE,regular-file,Content/MilitaryWeapDark/FX/P_Impact_Stone_Large_01.uasset,131,
6667156d99cba24864bf3ea79f95bda453bc30b2,DELETE,regular-file,Content/MilitaryWeapDark/FX/P_Impact_Stone_Medium_01.uasset,131,
c6dfca333a7d2ca8f752774425dd4f64a00dfed7,DELETE,regular-file,Content/MilitaryWeapDark/FX/P_Impact_Stone_Small_01.uasset,130,
5e5e66743babbf0e90905aa3fd6162b1d4d98162,DELETE,regular-file,Content/MilitaryWeapDark/FX/P_Impact_Wood_Large_01.uasset,131,
0a38dfc4f4d8470c48f773eb5e7894b1ce0e90b7,DELETE,regular-file,Content/MilitaryWeapDark/FX/P_Impact_Wood_Medium_01.uasset,131,
85d08e7739e046bfb60060ad62aa143573c3b81f,DELETE,regular-file,Content/MilitaryWeapDark/FX/P_Impact_Wood_Small_01.uasset,131,
30886d5d55fd3402f00d84fa0860f09251eb6953,DELETE,regular-file,Content/MilitaryWeapDark/FX/P_Knife_RibbonTrail_01.uasset,130,
3a6ba840601449107c67d90fa94aed1fcea7f0cf,DELETE,regular-file,Content/MilitaryWeapDark/FX/P_Pistol_MuzzleFlash_01.uasset,131,
5e6d63c12378b7bd021eb74389b21aa21113591e,DELETE,regular-file,Content/MilitaryWeapDark/FX/P_Pistol_Tracer_01.uasset,131,
24ecbc698400615a81aab8f890e43940a8891acd,DELETE,regular-file,Content/MilitaryWeapDark/FX/P_RocketLauncher_Explosion_01.uasset,131,
de6d3e737c0239fb29f461357dee62565d4f702b,DELETE,regular-file,Content/MilitaryWeapDark/FX/P_RocketLauncher_MuzzleFlash_Front_01.uasset,131,
e89092e76c54123e124b72a3dfd77d56d5619294,DELETE,regular-file,Content/MilitaryWeapDark/FX/P_RocketLauncher_MuzzleFlash_Rear_01.uasset,131,
cceac9565ca9b4296aa386878e912ce748cc3252,DELETE,regular-file,Content/MilitaryWeapDark/FX/P_RocketLauncher_Trail_01.uasset,131,
2ff00ecd0490926ac28d1459befed9437fc9baa3,DELETE,regular-file,Content/MilitaryWeapDark/FX/P_Shotgun_MuzzleFlash_01.uasset,131,
effa67f50e72aecdccf5c91e0c3e5381037e3409,DELETE,regular-file,Content/MilitaryWeapDark/FX/P_Shotgun_Tracer_01.uasset,131,
dc397e1b44d45088ad14470f6313bd5a2b525786,DELETE,regular-file,Content/MilitaryWeapDark/FX/P_SniperRifle_MuzzleFlash_01.uasset,131,
d91863839a03c8230df96d661f9a1e939860bb7a,DELETE,regular-file,Content/MilitaryWeapDark/FX/P_SniperRifle_Tracer_01.uasset,131,
5aa8036e373103f4cb07cfa6ce49201436ef4118,DELETE,regular-file,Content/MilitaryWeapDark/FX/Textures/T_AssaultRifle_MuzzleFlashes_01.uasset,131,
b0db2a6aa25c156271e43e9a3b1c26976f264e3c,DELETE,regular-file,Content/MilitaryWeapDark/FX/Textures/T_Debris_Tileable_01.uasset,130,
93ad747448313e2727010d469a8e07e3f1707803,DELETE,regular-file,Content/MilitaryWeapDark/FX/Textures/T_Ember_01.uasset,130,
2a8d16bd8e2dbb91b94aa0ce493e887e976f084f,DELETE,regular-file,Content/MilitaryWeapDark/FX/Textures/T_Explosion_8x8_A_01.uasset,133,
9f234dc6a7e4543ef3c1f454050d62b39ff8c0df,DELETE,regular-file,Content/MilitaryWeapDark/FX/Textures/T_Explosion_8x8_A_02.uasset,133,
6dae16caeba4a6c556dbd0c29630269505d9fefe,DELETE,regular-file,Content/MilitaryWeapDark/FX/Textures/T_Explosion_8x8_Density_01.uasset,133,
c369b9961d1b031bbe3ec8ed94cb514a139e4cc7,DELETE,regular-file,Content/MilitaryWeapDark/FX/Textures/T_Explosion_8x8_Erode_01.uasset,132,
4a0db0aa65efe4c1ab5b06048aea856b867193aa,DELETE,regular-file,Content/MilitaryWeapDark/FX/Textures/T_Explosion_8x8_Temperature_01.uasset,133,
8f69246eb554d53a608530c30d0a2b5009a6f9f8,DELETE,regular-file,Content/MilitaryWeapDark/FX/Textures/T_Explosion_Macro_01.uasset,131,
8aa073d76ce4ef08fc57e26c2bb77454b074a7c8,DELETE,regular-file,Content/MilitaryWeapDark/FX/Textures/T_FL_Detail_01.uasset,131,
890cf7371e94a7dfc36aa01e458fdadc794585a3,DELETE,regular-file,Content/MilitaryWeapDark/FX/Textures/T_FrameClamp.uasset,130,
fcccaf28ac5c46fee503a2a7f748e27ad3f58b12,DELETE,regular-file,Content/MilitaryWeapDark/FX/Textures/T_Grit_01.uasset,130,
004da1a317cff03e657200932ca24c912e4715ad,DELETE,regular-file,Content/MilitaryWeapDark/FX/Textures/T_Knife_RibbonTrail_01.uasset,129,
5dfe52412e21a4c3dec23445b4e7ba6d86647ae0,DELETE,regular-file,Content/MilitaryWeapDark/FX/Textures/T_Knife_RibbonTrail_Refraction_01.uasset,129,
963f4967b287c5ae7b8660ccf8cea74c0d583062,DELETE,regular-file,Content/MilitaryWeapDark/FX/Textures/T_LightRay_01.uasset,129,
b5739a842db161cfd0e167954dcf4c9caa7e56c6,DELETE,regular-file,Content/MilitaryWeapDark/FX/Textures/T_NormalNoise_01.uasset,130,
a34cd32a18c976ee1d703ead08bab6b82431c5f0,DELETE,regular-file,Content/MilitaryWeapDark/FX/Textures/T_Pistol_MuzzleFlashes_4x1_A.uasset,131,
cee236b07fc8e4c0ef2c8e8e4f9606f6039d913b,DELETE,regular-file,Content/MilitaryWeapDark/FX/Textures/T_Pistol_MuzzleFlashes_4x1_B.uasset,131,
cffb1c84c4d5204939c8bcca5339a8b8413d8c95,DELETE,regular-file,Content/MilitaryWeapDark/FX/Textures/T_Pistol_Smoke_2x2_A.uasset,131,
4d7c7306f56a3a97661bf0c38627d19d552b1530,DELETE,regular-file,Content/MilitaryWeapDark/FX/Textures/T_Pistol_Streaks_01.uasset,129,
af030c80a611d511f0b1a7e32f26e5100bcac046,DELETE,regular-file,Content/MilitaryWeapDark/FX/Textures/T_RockSmall_01.uasset,130,
4a7872b3f7a85a7f617a93b6fc8fc168c500d5c0,DELETE,regular-file,Content/MilitaryWeapDark/FX/Textures/T_Rock_Normal_01.uasset,131,
7bf4d9d9aaa32958bf87fd073e6be791622120d9,DELETE,regular-file,Content/MilitaryWeapDark/FX/Textures/T_Shockwave_NormalMap_01.uasset,131,
8b20cca0cd08f10257b7dc0a9033abe96b857ac7,DELETE,regular-file,Content/MilitaryWeapDark/FX/Textures/T_SmokeRibbon_01.uasset,130,
a44af918ce21832392d920c0c4250fc44bd7a549,DELETE,regular-file,Content/MilitaryWeapDark/FX/Textures/T_SmokeSimple_01.uasset,130,
8113040d17863acd938ac9b984d4333003302570,DELETE,regular-file,Content/MilitaryWeapDark/FX/Textures/T_Smoke_8x8_B_01.uasset,133,
e2bc8ee46f3f153489890536a731794e13dfaffc,DELETE,regular-file,Content/MilitaryWeapDark/FX/Textures/T_SparkImpacts_2x2_01.uasset,131,
fad84e7744bf9275f898297ff3a2ff328bce7089,DELETE,regular-file,Content/MilitaryWeapDark/FX/Textures/T_Sparks_02.uasset,130,
0fb9d39c4bcd102adbb7c736ce9f85e257470cb2,DELETE,regular-file,Content/MilitaryWeapDark/FX/Textures/T_Sparks_4x1_01.uasset,130,
8ca25ebb2ced4033b8a41d04a1e204afce8f1758,DELETE,regular-file,Content/MilitaryWeapDark/FX/Textures/T_Spherical_NormalMap_01.uasset,131,
92cf82ca30f074e295e2c97cd58099ff351b845d,DELETE,regular-file,Content/MilitaryWeapDark/FX/Textures/T_WoodChips_8x1_01.uasset,131,
79a030a2e4b6aa67c90e89bddb8605e346ff9d86,DELETE,regular-file,Content/MilitaryWeapDark/FX/Textures/T_WoodChips_8x1_Normal_01.uasset,131,
93c63e7a7008e622859877c0b6dfdbac934314f2,DELETE,regular-file,Content/MilitaryWeapDark/FX/Vector_Fields/VF_Turbulence_01.uasset,131,
9891b295d8607677ef348567074716de0c536949,DELETE,regular-file,Content/MilitaryWeapDark/Overview.umap,131,
eaa3a3d1cf5d683a7099a5023f0f21f8617012e3,DELETE,regular-file,Content/MilitaryWeapDark/Pickups/AssaultRifle_Pickup.uasset,131,
8234ad988cb76adcc1261f5760ce90c85c19083c,DELETE,regular-file,Content/MilitaryWeapDark/Pickups/GrenadeLauncher_Pickup.uasset,131,
97d8a75882d979c498d5b924d85dae0721a22806,DELETE,regular-file,Content/MilitaryWeapDark/Pickups/Materials/M_Pickups_Inst.uasset,131,
7fedf690eaceb3dd2d305b9fc982391d302d5c36,DELETE,regular-file,Content/MilitaryWeapDark/Pickups/Pistol_Pickup.uasset,131,
b814f921d3327d6becef791099f083a0bfd14326,DELETE,regular-file,Content/MilitaryWeapDark/Pickups/RocketLauncher_Pickup.uasset,131,
28975f5e8088db910ca892ab8d8a26236d56abcd,DELETE,regular-file,Content/MilitaryWeapDark/Pickups/Shotgun_Pickup.uasset,131,
3083e02bb18f8879732e5e9301efb7b168e8be4c,DELETE,regular-file,Content/MilitaryWeapDark/Pickups/SniperRifle_Pickup.uasset,131,
68f0000f1acd24513c19cdb803889569b77bd3ec,DELETE,regular-file,Content/MilitaryWeapDark/Pickups/Textures/Pickup_Diff.uasset,132,
84b55427fdefabd7a48afa33161df5102a06fac3,DELETE,regular-file,Content/MilitaryWeapDark/Pickups/Textures/Pickup_Masks.uasset,132,
378241a0f365833eb3b88de1454258bfee39a2d7,DELETE,regular-file,Content/MilitaryWeapDark/Pickups/Textures/Pickup_Norm.uasset,132,
2a470ff8135715932d8c0c9344f1fa260dfcb1bb,DELETE,regular-file,Content/MilitaryWeapDark/Sound/Attenuation/Explosion_att.uasset,129,
16ea0af1145e854f025b38f269eaaf8a4560193f,DELETE,regular-file,Content/MilitaryWeapDark/Sound/Attenuation/ProjectileImpact_att.uasset,129,
1dcbcaf2d3b478fb705fa19c8427bcd995b43e62,DELETE,regular-file,Content/MilitaryWeapDark/Sound/Attenuation/RocketLoop_att.uasset,129,
6f3b32308972abd7c533b2d8e24af1278f44d370,DELETE,regular-file,Content/MilitaryWeapDark/Sound/Attenuation/WeaponHandling_att.uasset,129,
8fe3dd53ce736112752696165631f733d39a3f5b,DELETE,regular-file,Content/MilitaryWeapDark/Sound/Attenuation/WeaponShotClose_Att.uasset,129,
19f1c140752fe71850d6f8a7e2903f6840e9de35,DELETE,regular-file,Content/MilitaryWeapDark/Sound/Attenuation/WeaponShot_att.uasset,129,
9e14ab61ea1cc86edd106ca8394b268a547e8c3f,DELETE,regular-file,Content/MilitaryWeapDark/Sound/GrenadeLauncher/GrenadeLauncherB_Fire_Cue.uasset,130,
bf21dc526bf31cb1d75db801835a3604631b2f1e,DELETE,regular-file,Content/MilitaryWeapDark/Sound/GrenadeLauncher/GrenadeLauncher_AmmoPickup_Cue.uasset,129,
eb4a84f0970717768e5ff9031dbe790fa7c92631,DELETE,regular-file,Content/MilitaryWeapDark/Sound/GrenadeLauncher/GrenadeLauncher_Bounce_Cue.uasset,130,
f3a4d9d88d7506cc7778b24f24c5844979629768,DELETE,regular-file,Content/MilitaryWeapDark/Sound/GrenadeLauncher/GrenadeLauncher_Explosion_Cue.uasset,130,
c7dedd267b1a13748b69469c3df8b275e231a9d6,DELETE,regular-file,Content/MilitaryWeapDark/Sound/GrenadeLauncher/GrenadeLauncher_Lower_Cue.uasset,129,
f72287423a1eb09c6ad97f6f4850581e4a081576,DELETE,regular-file,Content/MilitaryWeapDark/Sound/GrenadeLauncher/GrenadeLauncher_Raise_Cue.uasset,129,
1b0877a9f9d05d108da4183e372347e7d94224f8,DELETE,regular-file,Content/MilitaryWeapDark/Sound/GrenadeLauncher/GrenadeLauncher_ReloadInsert_Cue.uasset,129,
597391d16f2e26a320c964de75e070349ba942c9,DELETE,regular-file,Content/MilitaryWeapDark/Sound/GrenadeLauncher/GrenadeLauncher_Reload_Cue.uasset,129,
0adeaad993228c15ac051bce7d9db8ea47176771,DELETE,regular-file,Content/MilitaryWeapDark/Sound/GrenadeLauncher/GrenadeLauncher_Warning_Cue.uasset,129,
242436bd9971609f91e496d3f61485d7b460d15f,DELETE,regular-file,Content/MilitaryWeapDark/Sound/GrenadeLauncher/Wavs/GrenadeLauncherB_Fire01.uasset,131,
1a2fee6f6ab401bbb1c7727e75771e44619e253c,DELETE,regular-file,Content/MilitaryWeapDark/Sound/GrenadeLauncher/Wavs/GrenadeLauncherB_Fire02.uasset,131,
aae840cf492dfa145c6bdd17348a43511f400bd2,DELETE,regular-file,Content/MilitaryWeapDark/Sound/GrenadeLauncher/Wavs/GrenadeLauncherB_Fire03.uasset,131,
276b7930087c4599778694a2ecd699ce7183f6b6,DELETE,regular-file,Content/MilitaryWeapDark/Sound/GrenadeLauncher/Wavs/GrenadeLauncherB_Fire04.uasset,131,
b21825c0f66bfbc1af6d702219654a775c6040f1,DELETE,regular-file,Content/MilitaryWeapDark/Sound/GrenadeLauncher/Wavs/GrenadeLauncherB_Fire_ST01.uasset,131,
0f4cfaf7cd1ca30fc77e913ffa3f60f71728c95c,DELETE,regular-file,Content/MilitaryWeapDark/Sound/GrenadeLauncher/Wavs/GrenadeLauncherB_Fire_ST02.uasset,131,
9788a5f3fbbcc05d091b649b31f36a45f3447788,DELETE,regular-file,Content/MilitaryWeapDark/Sound/GrenadeLauncher/Wavs/GrenadeLauncherB_Fire_ST03.uasset,131,
3e8d6bc212510be454925e572e8036fb1b47b454,DELETE,regular-file,Content/MilitaryWeapDark/Sound/GrenadeLauncher/Wavs/GrenadeLauncherB_Fire_ST04.uasset,131,
8b75366f472fe2bcfb60c40106cdf7767744784e,DELETE,regular-file,Content/MilitaryWeapDark/Sound/GrenadeLauncher/Wavs/GrenadeLauncher_AmmoPickup.uasset,130,
fae670a7a53c14fd34c006d49eac7096e57a1e52,DELETE,regular-file,Content/MilitaryWeapDark/Sound/GrenadeLauncher/Wavs/GrenadeLauncher_Bounce01.uasset,130,
0f82880e701223e1cac7583b926c6d947ca04549,DELETE,regular-file,Content/MilitaryWeapDark/Sound/GrenadeLauncher/Wavs/GrenadeLauncher_Bounce02.uasset,130,
5cda73d42f304360f4e1e468b211636b938ee859,DELETE,regular-file,Content/MilitaryWeapDark/Sound/GrenadeLauncher/Wavs/GrenadeLauncher_Bounce03.uasset,130,
c1d9a6e2c110895531c0ca4224c6249d43544720,DELETE,regular-file,Content/MilitaryWeapDark/Sound/GrenadeLauncher/Wavs/GrenadeLauncher_Bounce04.uasset,130,
db0fb94a04fbb08ffed16a78f3ffb3669e83fa77,DELETE,regular-file,Content/MilitaryWeapDark/Sound/GrenadeLauncher/Wavs/GrenadeLauncher_Bounce05.uasset,130,
3e9dc8c1939c671b8a700ac7e86dc4c0429d1d47,DELETE,regular-file,Content/MilitaryWeapDark/Sound/GrenadeLauncher/Wavs/GrenadeLauncher_Explosion01.uasset,131,
3def26998da0b04b2b2ade1385e4aba6bec44511,DELETE,regular-file,Content/MilitaryWeapDark/Sound/GrenadeLauncher/Wavs/GrenadeLauncher_Explosion02.uasset,131,
d2a54e7a6d1282707d20faef30941c231272f3c0,DELETE,regular-file,Content/MilitaryWeapDark/Sound/GrenadeLauncher/Wavs/GrenadeLauncher_Explosion03.uasset,131,
4396553db3029ad22e9160ab9b42f7bd9292fa19,DELETE,regular-file,Content/MilitaryWeapDark/Sound/GrenadeLauncher/Wavs/GrenadeLauncher_Explosion04.uasset,131,
0c8506e1ff0eada985ee491a5a1af7643be89f53,DELETE,regular-file,Content/MilitaryWeapDark/Sound/GrenadeLauncher/Wavs/GrenadeLauncher_Explosion05.uasset,131,
4fd12860f8ac327f03a5ffd5a605014b59eedc5f,DELETE,regular-file,Content/MilitaryWeapDark/Sound/GrenadeLauncher/Wavs/GrenadeLauncher_Lower.uasset,130,
1f62e81856ade5f70553e14eee18c1c1b1207970,DELETE,regular-file,Content/MilitaryWeapDark/Sound/GrenadeLauncher/Wavs/GrenadeLauncher_Raise.uasset,130,
cac6ec5a9c96171c59433ac49ea2cf267016f88f,DELETE,regular-file,Content/MilitaryWeapDark/Sound/GrenadeLauncher/Wavs/GrenadeLauncher_Reload01.uasset,130,
d6a326899f191cc6d0633fb38279af66ade828b7,DELETE,regular-file,Content/MilitaryWeapDark/Sound/GrenadeLauncher/Wavs/GrenadeLauncher_Reload02.uasset,130,
40ed6edf51352361ddceac55479f64b6e37e51d7,DELETE,regular-file,Content/MilitaryWeapDark/Sound/GrenadeLauncher/Wavs/GrenadeLauncher_Reload03.uasset,130,
8bd1d75242c758ede886adc84dd5ff4e9eb79c62,DELETE,regular-file,Content/MilitaryWeapDark/Sound/GrenadeLauncher/Wavs/GrenadeLauncher_ReloadInsert01.uasset,130,
238c7249e29a3da8760685c4f4366bd9743597ea,DELETE,regular-file,Content/MilitaryWeapDark/Sound/GrenadeLauncher/Wavs/GrenadeLauncher_ReloadInsert02.uasset,130,
6bdb7bda1e756f5eb9c18e083cb1bad218be024b,DELETE,regular-file,Content/MilitaryWeapDark/Sound/GrenadeLauncher/Wavs/GrenadeLauncher_Warning.uasset,131,
532f14080ce9c5f95927af3bd2f20cff87231c4e,DELETE,regular-file,Content/MilitaryWeapDark/Sound/Knife/KnifeB_Swing_Cue.uasset,130,
9f76cfff06093f0ad30aa2e318cfda961f4f422f,DELETE,regular-file,Content/MilitaryWeapDark/Sound/Knife/Knife_ImpactBody_Cue.uasset,129,
c450be1c9b2376b1a1292963f0a9704b905bfa28,DELETE,regular-file,Content/MilitaryWeapDark/Sound/Knife/Knife_ImpactSurface_Cue.uasset,129,
8faaa30b6ac8cb6370bb70490c53018c50a7fd1a,DELETE,regular-file,Content/MilitaryWeapDark/Sound/Knife/Knife_Lower_Cue.uasset,129,
b3ae3c00856e9162f9b1076476643ad4a2b1eb4f,DELETE,regular-file,Content/MilitaryWeapDark/Sound/Knife/Knife_Raise_Cue.uasset,129,
bbd764370516c6497b7e74e4b90cffbf2d50852c,DELETE,regular-file,Content/MilitaryWeapDark/Sound/Knife/Wavs/KnifeB_Swing01.uasset,130,
a3402bb599a5a7c6a880879c0767c96b160be057,DELETE,regular-file,Content/MilitaryWeapDark/Sound/Knife/Wavs/KnifeB_Swing02.uasset,130,
91ab3ddd93f854f2e21488a5e971b070b5092569,DELETE,regular-file,Content/MilitaryWeapDark/Sound/Knife/Wavs/KnifeB_Swing03.uasset,130,
d154d129ca971a3eca61c232eb916e81fffcae4d,DELETE,regular-file,Content/MilitaryWeapDark/Sound/Knife/Wavs/KnifeB_Swing04.uasset,130,
3452e423d4e1597850308e59f67e0d48a281c19d,DELETE,regular-file,Content/MilitaryWeapDark/Sound/Knife/Wavs/KnifeB_Swing05.uasset,130,
1fea7b6600030c9f2c0d61ba34f535c4ba60d2e4,DELETE,regular-file,Content/MilitaryWeapDark/Sound/Knife/Wavs/Knife_ImpactBody01.uasset,130,
3a7ba84083998e2bee06ad78ffa356217873bf92,DELETE,regular-file,Content/MilitaryWeapDark/Sound/Knife/Wavs/Knife_ImpactBody02.uasset,130,
da0a0dd37a2a36cc4e2244d45ab83cf87902ddee,DELETE,regular-file,Content/MilitaryWeapDark/Sound/Knife/Wavs/Knife_ImpactBody03.uasset,130,
8766323f72ed8edcd10a6f9d577d71dbad72d401,DELETE,regular-file,Content/MilitaryWeapDark/Sound/Knife/Wavs/Knife_ImpactSurface01.uasset,130,
341b794bc16030e60a265aab259b6730a94b2361,DELETE,regular-file,Content/MilitaryWeapDark/Sound/Knife/Wavs/Knife_ImpactSurface02.uasset,130,
f8374364f5c3e7b36d73d20ba8554906fade585f,DELETE,regular-file,Content/MilitaryWeapDark/Sound/Knife/Wavs/Knife_ImpactSurface03.uasset,130,
0170ff8ab52cffbf274cbc8062ff7d9b37d28db1,DELETE,regular-file,Content/MilitaryWeapDark/Sound/Knife/Wavs/Knife_Lower.uasset,130,
dd5acab279eda140f8629cedc3c6e2f844f6af84,DELETE,regular-file,Content/MilitaryWeapDark/Sound/Knife/Wavs/Knife_Raise.uasset,130,
ab03bbe350fd6b0963294816d2cdfa5972e32565,DELETE,regular-file,Content/MilitaryWeapDark/Sound/Pistol/PistolB_Fire_Cue.uasset,130,
e3aa1ad1cd9dfb04970ceb40e639d39fca0456a1,DELETE,regular-file,Content/MilitaryWeapDark/Sound/Pistol/Pistol_AmmoPickup_Cue.uasset,129,
8b76f7d13ce1103d4ff401e29d7ccd5e40f5ed33,DELETE,regular-file,Content/MilitaryWeapDark/Sound/Pistol/Pistol_Lower_Cue.uasset,129,
5a0a9a692a2059616973f0217af8130b8f7122c3,DELETE,regular-file,Content/MilitaryWeapDark/Sound/Pistol/Pistol_MagEject_Cue.uasset,129,
b432efb7b17ceb3779ff7491e3e6d41d3bbca747,DELETE,regular-file,Content/MilitaryWeapDark/Sound/Pistol/Pistol_Raise_Cue.uasset,129,
d44ab5bc4e71a2d839c4de37840da0e4e0754b74,DELETE,regular-file,Content/MilitaryWeapDark/Sound/Pistol/Pistol_ReloadEject_Cue.uasset,129,
463e735beead5c8fd7cde664fd543cad50890254,DELETE,regular-file,Content/MilitaryWeapDark/Sound/Pistol/Pistol_ReloadInsert_Cue.uasset,130,
baecfaec068f4db814684c841443e98795d5d34d,DELETE,regular-file,Content/MilitaryWeapDark/Sound/Pistol/Pistol_Whip_Cue.uasset,130,
e5f7aba572b5f793ab130975b7c71c9384c7b646,DELETE,regular-file,Content/MilitaryWeapDark/Sound/Pistol/Wavs/PistolB_Fire01.uasset,131,
e49ce59458d24dd81c7b54c1d23b58485c3ec740,DELETE,regular-file,Content/MilitaryWeapDark/Sound/Pistol/Wavs/PistolB_Fire02.uasset,131,
a75e6bfa38d14c5a93d7ab0368a4be52c3293eff,DELETE,regular-file,Content/MilitaryWeapDark/Sound/Pistol/Wavs/PistolB_Fire03.uasset,131,
3ce3d329c2dbb6cc52016891bca1fda074576080,DELETE,regular-file,Content/MilitaryWeapDark/Sound/Pistol/Wavs/PistolB_Fire04.uasset,131,
1d70df86b30412b7280a47516a2bf62e22674045,DELETE,regular-file,Content/MilitaryWeapDark/Sound/Pistol/Wavs/PistolB_Fire05.uasset,131,
e1201649a6e94719f20c9f53ba27001be620564c,DELETE,regular-file,Content/MilitaryWeapDark/Sound/Pistol/Wavs/PistolB_Fire06.uasset,131,
3843980b967c31d373f6b21f96a4ccd552e03e44,DELETE,regular-file,Content/MilitaryWeapDark/Sound/Pistol/Wavs/PistolB_Fire_ST01.uasset,131,
0d51509386b7f69d16f0657e37294085e59475a5,DELETE,regular-file,Content/MilitaryWeapDark/Sound/Pistol/Wavs/PistolB_Fire_ST02.uasset,131,
24ebb7e0488393651257a4fe3595c72032d08a75,DELETE,regular-file,Content/MilitaryWeapDark/Sound/Pistol/Wavs/PistolB_Fire_ST03.uasset,131,
fa6a60ffa6096697da9be9e39860c2a7ec73ba06,DELETE,regular-file,Content/MilitaryWeapDark/Sound/Pistol/Wavs/PistolB_Fire_ST04.uasset,131,
9e81cbcbef7f8f3a2bc38a493702cb0d78402f92,DELETE,regular-file,Content/MilitaryWeapDark/Sound/Pistol/Wavs/PistolB_Fire_ST05.uasset,131,
619ff24617fa8136261582d5ed63788481094514,DELETE,regular-file,Content/MilitaryWeapDark/Sound/Pistol/Wavs/PistolB_Fire_ST06.uasset,131,
dfd87117732bd7ee17d087435cbe2239f0729a45,DELETE,regular-file,Content/MilitaryWeapDark/Sound/Pistol/Wavs/Pistol_AmmoPickup.uasset,130,
730453f9d296a45f6cf12e5bbd8d3a14411047e8,DELETE,regular-file,Content/MilitaryWeapDark/Sound/Pistol/Wavs/Pistol_Lower.uasset,130,
540c415812814058ecdcce9ea0da8a47957a9c79,DELETE,regular-file,Content/MilitaryWeapDark/Sound/Pistol/Wavs/Pistol_Raise.uasset,130,
2e25b5563e6a223758b00bd7f094eafa30e46898,DELETE,regular-file,Content/MilitaryWeapDark/Sound/Pistol/Wavs/Pistol_Reload01.uasset,130,
42276a77bd42cb11c464ec7e110b3775afccd30b,DELETE,regular-file,Content/MilitaryWeapDark/Sound/Pistol/Wavs/Pistol_Reload02.uasset,130,
41ba790678712b415731ece7de05a4390bb6e389,DELETE,regular-file,Content/MilitaryWeapDark/Sound/Pistol/Wavs/Pistol_Reload03.uasset,130,
7d87d87647d7556b8f1d45d00412072a761c8b8b,DELETE,regular-file,Content/MilitaryWeapDark/Sound/Pistol/Wavs/Pistol_ReloadMagEject01.uasset,130,
610b390596201c15aca5da8614a40268695a87ff,DELETE,regular-file,Content/MilitaryWeapDark/Sound/Pistol/Wavs/Pistol_ReloadMagEject02.uasset,130,
59c0b74a034c673a23c5ab5cd51d4f9369f4c70b,DELETE,regular-file,Content/MilitaryWeapDark/Sound/Pistol/Wavs/Pistol_ReloadMagInsert01.uasset,130,
59179b449c83fc85ba16e1017db7ddb536c18e7b,DELETE,regular-file,Content/MilitaryWeapDark/Sound/Pistol/Wavs/Pistol_ReloadMagInsert02.uasset,130,
4ef682f8f1bd64659688bead114d641a35e1fb9f,DELETE,regular-file,Content/MilitaryWeapDark/Sound/Pistol/Wavs/Pistol_ReloadSlideRack01.uasset,130,
ad5d56f37ad9dc364fbdc685eb5402748cfc4e58,DELETE,regular-file,Content/MilitaryWeapDark/Sound/Pistol/Wavs/Pistol_ReloadSlideRack02.uasset,130,
5d228a853c2ae4d504878c4f4c7cf574d4b51907,DELETE,regular-file,Content/MilitaryWeapDark/Sound/Pistol/Wavs/Pistol_ReloadSlideRack03.uasset,130,
8248f52b3d5e6add0a1bdbb31a3e89b1d70a545f,DELETE,regular-file,Content/MilitaryWeapDark/Sound/Pistol/Wavs/Pistol_Whip01.uasset,130,
c49e16ef910f6da0ab89777a9cbcf2687a31bb45,DELETE,regular-file,Content/MilitaryWeapDark/Sound/Pistol/Wavs/Pistol_Whip02.uasset,130,
b91a2a2509c28ca9de0623a7571bfa8338b8d263,DELETE,regular-file,Content/MilitaryWeapDark/Sound/Pistol/Wavs/Pistol_Whip03.uasset,130,
da9692531742be1c51809109a0373a6ecb36cda6,DELETE,regular-file,Content/MilitaryWeapDark/Sound/Pistol/Wavs/Pistol_Whip04.uasset,130,
dcd62fba2f94e995a12302002d983d8f7f90a688,DELETE,regular-file,Content/MilitaryWeapDark/Sound/Pistol/Wavs/Pistol_Whip05.uasset,130,
cbac113ae2fc0f169d93cdb2398a19ff074bcd3f,DELETE,regular-file,Content/MilitaryWeapDark/Sound/Rifle/RifleB_FireEnd_Cue.uasset,130,
b118bc767329463c5a295691a8f2e9a4dd5041d6,DELETE,regular-file,Content/MilitaryWeapDark/Sound/Rifle/RifleB_FireLoop_Cue.uasset,130,
b9e4d7e8e99d6cb0de31dca9eb9a50844ed3385e,DELETE,regular-file,Content/MilitaryWeapDark/Sound/Rifle/RifleB_Fire_Cue.uasset,130,
b88eb05b0b22d04fdc5555f6d2dc5aee666c89eb,DELETE,regular-file,Content/MilitaryWeapDark/Sound/Rifle/Rifle_AmmoPickup_Cue.uasset,129,
c2b6e9495ccdb9076925a2a850a31f4fc7692ca9,DELETE,regular-file,Content/MilitaryWeapDark/Sound/Rifle/Rifle_ImpactBody_Cue.uasset,130,
7559e2d2ade82b468699ca5c0c5f2eae98d1aad8,DELETE,regular-file,Content/MilitaryWeapDark/Sound/Rifle/Rifle_ImpactSurface_Cue.uasset,130,
bfbcc962509357f5ff09688e88603d654912042f,DELETE,regular-file,Content/MilitaryWeapDark/Sound/Rifle/Rifle_Lower_Cue.uasset,129,
46b2bbb2546f017f0c06701cdd801f03f1c9d6de,DELETE,regular-file,Content/MilitaryWeapDark/Sound/Rifle/Rifle_Raise_Cue.uasset,129,
b770ecc07ed7242b5b61dbc5697ac14858fa9845,DELETE,regular-file,Content/MilitaryWeapDark/Sound/Rifle/Rifle_ReloadInsert_Cue.uasset,129,
1fb3033f6630a59c7c9d5233f45e5ea8fcadbeb5,DELETE,regular-file,Content/MilitaryWeapDark/Sound/Rifle/Rifle_Reload_Cue.uasset,129,
36d702298b7ee7c17ef5b20a58c16c3050adfd69,DELETE,regular-file,Content/MilitaryWeapDark/Sound/Rifle/Rifle_Whip_Cue.uasset,130,
db8a4c69f32c2870d9808bd1bb60798573b66d2f,DELETE,regular-file,Content/MilitaryWeapDark/Sound/Rifle/Wavs/RifleB_Fire01.uasset,131,
2b87594f453814bde71a99adcfc0aa28267533d6,DELETE,regular-file,Content/MilitaryWeapDark/Sound/Rifle/Wavs/RifleB_Fire02.uasset,131,
9a892f9b4e6f3f02086444106abddf783c6cef03,DELETE,regular-file,Content/MilitaryWeapDark/Sound/Rifle/Wavs/RifleB_Fire03.uasset,131,
fd337e9757e390edd560b5e1c7f3d94851f6f91a,DELETE,regular-file,Content/MilitaryWeapDark/Sound/Rifle/Wavs/RifleB_Fire04.uasset,131,
822aeb416b39ed519c6d0e5f326bbf69254f23ca,DELETE,regular-file,Content/MilitaryWeapDark/Sound/Rifle/Wavs/RifleB_Fire05.uasset,131,
499f42cd75cdc2079bb7d4ecd6109f417aa7274e,DELETE,regular-file,Content/MilitaryWeapDark/Sound/Rifle/Wavs/RifleB_Fire06.uasset,131,
c8595b99cf4c082e74affbaf5cb5f53b510f3bca,DELETE,regular-file,Content/MilitaryWeapDark/Sound/Rifle/Wavs/RifleB_FireEnd01.uasset,131,
5a4b872f389765f5e69d673fc4c34f9c53092dd0,DELETE,regular-file,Content/MilitaryWeapDark/Sound/Rifle/Wavs/RifleB_FireEnd02.uasset,131,
47cba9c48fe1d9dc7cf8f0cc76c62d290fa62708,DELETE,regular-file,Content/MilitaryWeapDark/Sound/Rifle/Wavs/RifleB_FireEnd03.uasset,131,
7db37961c10e1dedb5e89e9d9b54b1e4265981df,DELETE,regular-file,Content/MilitaryWeapDark/Sound/Rifle/Wavs/RifleB_FireLoop01.uasset,130,
87faffc69125888260191167c46c73d96e247879,DELETE,regular-file,Content/MilitaryWeapDark/Sound/Rifle/Wavs/RifleB_FireLoop02.uasset,130,
af035103f234d667085d6061c62b0113b2d1719b,DELETE,regular-file,Content/MilitaryWeapDark/Sound/Rifle/Wavs/RifleB_FireLoop03.uasset,130,
ed5841c425fe101ed547fdec97b22dd0c5c3f08e,DELETE,regular-file,Content/MilitaryWeapDark/Sound/Rifle/Wavs/RifleB_Fire_End_ST01.uasset,131,
c56ab870eb995ab46fa0c27ba7ed7f2f0c78a57f,DELETE,regular-file,Content/MilitaryWeapDark/Sound/Rifle/Wavs/RifleB_Fire_End_ST02.uasset,131,
4fae745a971d08766e46b3320b9987926824cd5a,DELETE,regular-file,Content/MilitaryWeapDark/Sound/Rifle/Wavs/RifleB_Fire_End_ST03.uasset,131,
7dd22011d12de2737d34b3a591cf0716cdff2338,DELETE,regular-file,Content/MilitaryWeapDark/Sound/Rifle/Wavs/RifleB_Fire_Loop_ST01.uasset,131,
8fef58a7e3d8d58d7a7b6551eec251b7e115077e,DELETE,regular-file,Content/MilitaryWeapDark/Sound/Rifle/Wavs/RifleB_Fire_Loop_ST02.uasset,131,
94bbea2f68cf5e8c19c090cecb32df40f0eaea7c,DELETE,regular-file,Content/MilitaryWeapDark/Sound/Rifle/Wavs/RifleB_Fire_Loop_ST03.uasset,131,
208e42484f2062573e37031e12c16ece8f25fdeb,DELETE,regular-file,Content/MilitaryWeapDark/Sound/Rifle/Wavs/RifleB_Fire_ST01.uasset,131,
28bab424c95f91cce2835139d0bfd88a6679791d,DELETE,regular-file,Content/MilitaryWeapDark/Sound/Rifle/Wavs/RifleB_Fire_ST02.uasset,131,
94fdbf12072606bb753277c0490719ba1ec88dd2,DELETE,regular-file,Content/MilitaryWeapDark/Sound/Rifle/Wavs/RifleB_Fire_ST03.uasset,131,
9b842a37a3e79ad05f7b0104482b69c75114ab32,DELETE,regular-file,Content/MilitaryWeapDark/Sound/Rifle/Wavs/RifleB_Fire_ST04.uasset,131,
6a62ea9fd01e19ef7808df0c9ac45dee3017442d,DELETE,regular-file,Content/MilitaryWeapDark/Sound/Rifle/Wavs/RifleB_Fire_ST05.uasset,131,
bcde5ca2eeb63ee36ba25058c76a708b488fd20b,DELETE,regular-file,Content/MilitaryWeapDark/Sound/Rifle/Wavs/RifleB_Fire_ST06.uasset,131,
578c7bab1e7719b9c107c16bb56924ac999f535d,DELETE,regular-file,Content/MilitaryWeapDark/Sound/Rifle/Wavs/Rifle_AmmoPickup.uasset,130,
b636aec139bd51cdea8be4f4d6fa36036a7a8b74,DELETE,regular-file,Content/MilitaryWeapDark/Sound/Rifle/Wavs/Rifle_ImpactBody01.uasset,130,
7a9ce230921a7a9e7ca137cf4c390636b111b976,DELETE,regular-file,Content/MilitaryWeapDark/Sound/Rifle/Wavs/Rifle_ImpactBody02.uasset,130,
146bfe4864f5c8f9835af196ba808d7850ec0d19,DELETE,regular-file,Content/MilitaryWeapDark/Sound/Rifle/Wavs/Rifle_ImpactBody03.uasset,130,
5b9678f1d2b4c355dc3cbda1506fb7acb049ea00,DELETE,regular-file,Content/MilitaryWeapDark/Sound/Rifle/Wavs/Rifle_ImpactBody04.uasset,130,
db6866a9245eaadcbb8d0992cd741b2810f925ea,DELETE,regular-file,Content/MilitaryWeapDark/Sound/Rifle/Wavs/Rifle_ImpactBody05.uasset,130,
e737a10cfe73dc9abfa942160d686cf922e009b6,DELETE,regular-file,Content/MilitaryWeapDark/Sound/Rifle/Wavs/Rifle_ImpactBody06.uasset,130,
74fc7a37d84d2a0e52ff92893d0c44172abd1996,DELETE,regular-file,Content/MilitaryWeapDark/Sound/Rifle/Wavs/Rifle_ImpactSurface01.uasset,130,
1fd32c69b64ebd0819788e9095829f86cc0a3d91,DELETE,regular-file,Content/MilitaryWeapDark/Sound/Rifle/Wavs/Rifle_ImpactSurface02.uasset,130,
22c00fc725172844f33c6bb56513af4117b791a1,DELETE,regular-file,Content/MilitaryWeapDark/Sound/Rifle/Wavs/Rifle_ImpactSurface03.uasset,130,
8d1aa169b3c2485716add1e3c699d59c4da9f2e8,DELETE,regular-file,Content/MilitaryWeapDark/Sound/Rifle/Wavs/Rifle_ImpactSurface04.uasset,130,
84288ae6465a4ca330c946280ad23d8ed9e74c6f,DELETE,regular-file,Content/MilitaryWeapDark/Sound/Rifle/Wavs/Rifle_ImpactSurface05.uasset,130,
a1afe2d725a203e22347f771826b8605f40f479e,DELETE,regular-file,Content/MilitaryWeapDark/Sound/Rifle/Wavs/Rifle_ImpactSurface06.uasset,130,
50dbaf3fb2bdca60f91e8f4bb262bb0d8d7eb1ee,DELETE,regular-file,Content/MilitaryWeapDark/Sound/Rifle/Wavs/Rifle_Lower.uasset,131,
213892280973f4b3e544d57aa5a897a37accd79f,DELETE,regular-file,Content/MilitaryWeapDark/Sound/Rifle/Wavs/Rifle_Raise.uasset,131,
dbc2a5e0d493205602a4343aab4e165dcdb31c56,DELETE,regular-file,Content/MilitaryWeapDark/Sound/Rifle/Wavs/Rifle_Reload01.uasset,130,
674a08011ff363e93d10c5422b5a9403caab6d6d,DELETE,regular-file,Content/MilitaryWeapDark/Sound/Rifle/Wavs/Rifle_Reload02.uasset,130,
dd2d2dcac2253f8cc1e3c395105c0e0b8bcc361d,DELETE,regular-file,Content/MilitaryWeapDark/Sound/Rifle/Wavs/Rifle_Reload03.uasset,130,
d2a12199db892d0aff6f2f7935a68c6fa486a90c,DELETE,regular-file,Content/MilitaryWeapDark/Sound/Rifle/Wavs/Rifle_Whip01.uasset,130,
a7edfade906575efc175f46d6b8cbcf2a10ce229,DELETE,regular-file,Content/MilitaryWeapDark/Sound/Rifle/Wavs/Rifle_Whip02.uasset,130,
c716f79688a5b6f96c4eaa3c0735a810d67a3796,DELETE,regular-file,Content/MilitaryWeapDark/Sound/Rifle/Wavs/Rifle_Whip03.uasset,130,
478a481f34152fc9aaaf4ef21d0bac2cc9a8e9f7,DELETE,regular-file,Content/MilitaryWeapDark/Sound/Rifle/Wavs/Rifle_Whip04.uasset,130,
23102dae78e541f0ece399d894a5178886fba181,DELETE,regular-file,Content/MilitaryWeapDark/Sound/Rifle/Wavs/Rifle_Whip05.uasset,130,
e17deb7cf061826fb9533c142c53292d5007e92f,DELETE,regular-file,Content/MilitaryWeapDark/Sound/RocketLauncher/RocketLauncherB_Fire_Cue.uasset,130,
8f596a6ad998d622ad1e6ec98ce912621d6b0fad,DELETE,regular-file,Content/MilitaryWeapDark/Sound/RocketLauncher/RocketLauncher_AmmoPickup_Cue.uasset,129,
b1f7681f4aef0499b08fd8e29ece9e142fa93ed6,DELETE,regular-file,Content/MilitaryWeapDark/Sound/RocketLauncher/RocketLauncher_Explosion_Cue.uasset,130,
d05da9af87bfa4ba75cf5b59263222b098f632ef,DELETE,regular-file,Content/MilitaryWeapDark/Sound/RocketLauncher/RocketLauncher_InAirLoop_Cue.uasset,129,
7a21cc48e01539eb679707d3a374a63afb3ea5cb,DELETE,regular-file,Content/MilitaryWeapDark/Sound/RocketLauncher/RocketLauncher_Lower_Cue.uasset,129,
627a5d86251d1228f7639a2162ea77c65c750df7,DELETE,regular-file,Content/MilitaryWeapDark/Sound/RocketLauncher/RocketLauncher_Raise_Cue.uasset,129,
c787ef96f516ef1480cf9cd151a972665a8a8a46,DELETE,regular-file,Content/MilitaryWeapDark/Sound/RocketLauncher/RocketLauncher_ReloadDetach_Cue.uasset,129,
d9e6aef95d4e31496cd983404cf45381e1226e7d,DELETE,regular-file,Content/MilitaryWeapDark/Sound/RocketLauncher/RocketLauncher_Reload_Cue.uasset,129,
851dfa8bf8e1a4e63bc60376afe55820768d32e8,DELETE,regular-file,Content/MilitaryWeapDark/Sound/RocketLauncher/wavs/RocketLauncherB_Fire01.uasset,131,
3aa14afd6c20ccd497f975b585d752ee7bede694,DELETE,regular-file,Content/MilitaryWeapDark/Sound/RocketLauncher/wavs/RocketLauncherB_Fire02.uasset,131,
95f544491b6b99be268892c108135e5068ed0fec,DELETE,regular-file,Content/MilitaryWeapDark/Sound/RocketLauncher/wavs/RocketLauncherB_Fire03.uasset,131,
66bb8dfb82cb57ba08474b5bf2095bf83d05a222,DELETE,regular-file,Content/MilitaryWeapDark/Sound/RocketLauncher/wavs/RocketLauncherB_Fire04.uasset,131,
160bdd3cd9c3089772468c7801a80db9995e7bc3,DELETE,regular-file,Content/MilitaryWeapDark/Sound/RocketLauncher/wavs/RocketLauncherB_Fire_ST01.uasset,131,
a3b649ae7718d1c76b48406efe001effcfa1da41,DELETE,regular-file,Content/MilitaryWeapDark/Sound/RocketLauncher/wavs/RocketLauncherB_Fire_ST02.uasset,131,
18cc3545d348a45f565993ce7db7f7311e83b04e,DELETE,regular-file,Content/MilitaryWeapDark/Sound/RocketLauncher/wavs/RocketLauncherB_Fire_ST03.uasset,131,
805266a48a714e8cf13abc0e98a7bdb33dde56c0,DELETE,regular-file,Content/MilitaryWeapDark/Sound/RocketLauncher/wavs/RocketLauncherB_Fire_ST04.uasset,131,
41314e19a6e2f922b6df760cfca9fe46805db883,DELETE,regular-file,Content/MilitaryWeapDark/Sound/RocketLauncher/wavs/RocketLauncher_AmmoPickup.uasset,130,
169733b87a889afbbbb714310f922392ec2a09f5,DELETE,regular-file,Content/MilitaryWeapDark/Sound/RocketLauncher/wavs/RocketLauncher_Explosion01.uasset,131,
11181ce0c8ed0a0eb709eee62c5cd28a0f12a33b,DELETE,regular-file,Content/MilitaryWeapDark/Sound/RocketLauncher/wavs/RocketLauncher_Explosion02.uasset,131,
397894eea4600006d94c52e377ec534ba4cd8369,DELETE,regular-file,Content/MilitaryWeapDark/Sound/RocketLauncher/wavs/RocketLauncher_Explosion03.uasset,131,
ad5da46378b925b75ca5ddde37cd1cacb9b7d691,DELETE,regular-file,Content/MilitaryWeapDark/Sound/RocketLauncher/wavs/RocketLauncher_Explosion04.uasset,131,
a215643d839c3851440e2fb16ac7b29464b29579,DELETE,regular-file,Content/MilitaryWeapDark/Sound/RocketLauncher/wavs/RocketLauncher_Explosion05.uasset,131,
051cd39fa3483fb5defcc01fc745435c7d0f600b,DELETE,regular-file,Content/MilitaryWeapDark/Sound/RocketLauncher/wavs/RocketLauncher_InAirLoop.uasset,131,
d36795d6067cdf549a29777bce403f19cd7b50f7,DELETE,regular-file,Content/MilitaryWeapDark/Sound/RocketLauncher/wavs/RocketLauncher_Lower.uasset,130,
115ccac44eb22a0259dd8ab4d12d7e6e1cf316db,DELETE,regular-file,Content/MilitaryWeapDark/Sound/RocketLauncher/wavs/RocketLauncher_Raise.uasset,130,
99ef973123746841f74efe658d1a0314443b387a,DELETE,regular-file,Content/MilitaryWeapDark/Sound/RocketLauncher/wavs/RocketLauncher_Reload01.uasset,130,
69050b322e5c987adaf95acf77c5c54d4b4594cf,DELETE,regular-file,Content/MilitaryWeapDark/Sound/RocketLauncher/wavs/RocketLauncher_Reload02.uasset,130,
f38adf49d39320f1e509031c2d63999128be2404,DELETE,regular-file,Content/MilitaryWeapDark/Sound/RocketLauncher/wavs/RocketLauncher_Reload03.uasset,130,
20d99a6b37a7454e1776ce9011d6e7ab9b40fd7f,DELETE,regular-file,Content/MilitaryWeapDark/Sound/Shotgun/ShotgunB_Fire_Cue.uasset,130,
013d6d6ca8ed625692d5b41adbc6b878f9c37b95,DELETE,regular-file,Content/MilitaryWeapDark/Sound/Shotgun/Shotgun_AmmoPickup_Cue.uasset,129,
9dec872cb74a794c43cf4daefab8c81cab394ba8,DELETE,regular-file,Content/MilitaryWeapDark/Sound/Shotgun/Shotgun_ImpactBody_Cue.uasset,129,
e4f78bd936a07808b6a83ccbf0aba9959b86625e,DELETE,regular-file,Content/MilitaryWeapDark/Sound/Shotgun/Shotgun_ImpactSurface_Cue.uasset,129,
706f4b72ff6da4c9cefe8f97bef09175a8c8c311,DELETE,regular-file,Content/MilitaryWeapDark/Sound/Shotgun/Shotgun_Lower_Cue.uasset,129,
a000141d550d2c361725c012ef9390d794309f1b,DELETE,regular-file,Content/MilitaryWeapDark/Sound/Shotgun/Shotgun_Raise_Cue.uasset,129,
685416c96954b3ce58be4c700eaebbc43934892d,DELETE,regular-file,Content/MilitaryWeapDark/Sound/Shotgun/Shotgun_Reload_Cue.uasset,129,
95e112addeaa1f7972e57d0ee7ad6056d014a491,DELETE,regular-file,Content/MilitaryWeapDark/Sound/Shotgun/Wavs/ShotgunB_Fire01.uasset,131,
8fcc4156698787a98a4523f7cecdd7c5f262de75,DELETE,regular-file,Content/MilitaryWeapDark/Sound/Shotgun/Wavs/ShotgunB_Fire02.uasset,131,
f20a7b8fb1085aa63f9646ecf04b215575e1ca86,DELETE,regular-file,Content/MilitaryWeapDark/Sound/Shotgun/Wavs/ShotgunB_Fire03.uasset,131,
92460faf22c583644f628623354586b3148735f2,DELETE,regular-file,Content/MilitaryWeapDark/Sound/Shotgun/Wavs/ShotgunB_Fire04.uasset,131,
d45656664d5c8719ed1855340fe74c8d2dbd0385,DELETE,regular-file,Content/MilitaryWeapDark/Sound/Shotgun/Wavs/ShotgunB_Fire_ST01.uasset,131,
20deb72b8224ba97258796dc96d71bf84c0078e5,DELETE,regular-file,Content/MilitaryWeapDark/Sound/Shotgun/Wavs/ShotgunB_Fire_ST02.uasset,131,
c7faf5dcb3611c2791481c52d417bd55e0c14ec4,DELETE,regular-file,Content/MilitaryWeapDark/Sound/Shotgun/Wavs/ShotgunB_Fire_ST03.uasset,131,
eb9ca33e7b1f27be9d12b7b8a4b7189718335f8c,DELETE,regular-file,Content/MilitaryWeapDark/Sound/Shotgun/Wavs/ShotgunB_Fire_ST04.uasset,131,
c65f31f4bf3cc13768a82c758bea0fbe77aba4ba,DELETE,regular-file,Content/MilitaryWeapDark/Sound/Shotgun/Wavs/Shotgun_AmmoPickup.uasset,130,
9f361d6b5ab3e0057a0e3af0141c8adba1a53492,DELETE,regular-file,Content/MilitaryWeapDark/Sound/Shotgun/Wavs/Shotgun_ImpactBody01.uasset,130,
c04036e2439cf85c359db8e7a5e655319c84a34d,DELETE,regular-file,Content/MilitaryWeapDark/Sound/Shotgun/Wavs/Shotgun_ImpactBody02.uasset,130,
263e9940c6e32dbf72228f63311213df8919187b,DELETE,regular-file,Content/MilitaryWeapDark/Sound/Shotgun/Wavs/Shotgun_ImpactBody03.uasset,130,
86f77a66797b4814495d1b3e0af49fd43a8d5ae8,DELETE,regular-file,Content/MilitaryWeapDark/Sound/Shotgun/Wavs/Shotgun_ImpactBody04.uasset,130,
04f4b3f446ea59e7c46c13324a6d3deea49859bb,DELETE,regular-file,Content/MilitaryWeapDark/Sound/Shotgun/Wavs/Shotgun_ImpactSurface01.uasset,130,
726e52cbca207500ce12778fc0927cd27487ac7e,DELETE,regular-file,Content/MilitaryWeapDark/Sound/Shotgun/Wavs/Shotgun_ImpactSurface02.uasset,130,
025d3b7479cdb9a9af4f73cab10fae23ba1e5365,DELETE,regular-file,Content/MilitaryWeapDark/Sound/Shotgun/Wavs/Shotgun_ImpactSurface03.uasset,130,
c8f7c4d4d8f4526404b4c393692d89beef28e40d,DELETE,regular-file,Content/MilitaryWeapDark/Sound/Shotgun/Wavs/Shotgun_ImpactSurface04.uasset,130,
4f5d0caba11d428884ebaa21fcf1044f6318e63d,DELETE,regular-file,Content/MilitaryWeapDark/Sound/Shotgun/Wavs/Shotgun_Lower.uasset,130,
bd5708a2aeca2f07f72539e8a0fadfa54281fc7b,DELETE,regular-file,Content/MilitaryWeapDark/Sound/Shotgun/Wavs/Shotgun_Raise.uasset,130,
e1a2588e8821ff1b8ed9cdba4fe8b2bc2eef496c,DELETE,regular-file,Content/MilitaryWeapDark/Sound/Shotgun/Wavs/Shotgun_Reload01.uasset,130,
f73949b0b7ff81fc4fd62e879e819309b0af6eb2,DELETE,regular-file,Content/MilitaryWeapDark/Sound/Shotgun/Wavs/Shotgun_Reload02.uasset,130,
3cc421bd4d77cc4a8d2ae8132617ead9728c99ed,DELETE,regular-file,Content/MilitaryWeapDark/Sound/Shotgun/Wavs/Shotgun_Reload03.uasset,130,
367340de8ecce6dceaef0c1f94a5de5a73f9f6c9,DELETE,regular-file,Content/MilitaryWeapDark/Sound/SniperRifle/SniperRifleB_Fire_Cue.uasset,130,
114ec2c547d58f5a647167ad9772c31e8edfac75,DELETE,regular-file,Content/MilitaryWeapDark/Sound/SniperRifle/SniperRifle_AmmoPickup_Cue.uasset,129,
d22bfe531ce817aa2d6bfd1a58d747e9a2b47abc,DELETE,regular-file,Content/MilitaryWeapDark/Sound/SniperRifle/SniperRifle_ImpactBody_Cue.uasset,129,
f7d9a6a70a5d6762e1e670739cba92b3f2cd2d27,DELETE,regular-file,Content/MilitaryWeapDark/Sound/SniperRifle/SniperRifle_ImpactSurface_Cue.uasset,129,
64aa7124a00a9e4b3529f37e27261d0a0e2bcbb9,DELETE,regular-file,Content/MilitaryWeapDark/Sound/SniperRifle/SniperRifle_Lower_Cue.uasset,129,
d4b16e9057242e9db428ab8cba8f146019d70518,DELETE,regular-file,Content/MilitaryWeapDark/Sound/SniperRifle/SniperRifle_Raise_Cue.uasset,129,
f77fefb4fff229d6dee70046711bf746a4c5b1f7,DELETE,regular-file,Content/MilitaryWeapDark/Sound/SniperRifle/SniperRifle_ReloadInsert_Cue.uasset,129,
3a7b7a42e6e84add8809791dd1911765ffe38c17,DELETE,regular-file,Content/MilitaryWeapDark/Sound/SniperRifle/SniperRifle_Reload_Cue.uasset,129,
216a4d2d212af932909a1ea836f5e6cc58e8dd36,DELETE,regular-file,Content/MilitaryWeapDark/Sound/SniperRifle/SniperRifle_ZoomIn_Cue.uasset,129,
e4ffaaccd801573de92689bc02139c041828f0c4,DELETE,regular-file,Content/MilitaryWeapDark/Sound/SniperRifle/SniperRifle_ZoomOut_Cue.uasset,129,
58822cbf9e2d1d8cca394b89d72b31bfb50337e0,DELETE,regular-file,Content/MilitaryWeapDark/Sound/SniperRifle/Wavs/SniperRifleB_Fire01.uasset,131,
40d33d2a75b66afc4ef4efbfd9e12b57381ef4b4,DELETE,regular-file,Content/MilitaryWeapDark/Sound/SniperRifle/Wavs/SniperRifleB_Fire02.uasset,131,
ddf5f8e2f429009ece3a35f543ef6a5317fe8e9b,DELETE,regular-file,Content/MilitaryWeapDark/Sound/SniperRifle/Wavs/SniperRifleB_Fire03.uasset,131,
c52a687fcd53f64d03802a76b70eb8712bcdbe21,DELETE,regular-file,Content/MilitaryWeapDark/Sound/SniperRifle/Wavs/SniperRifleB_Fire04.uasset,131,
9c4a5e85625a2105b32d1a49f53a32c76a9788fe,DELETE,regular-file,Content/MilitaryWeapDark/Sound/SniperRifle/Wavs/SniperRifleB_Fire_ST01.uasset,131,
4ed57884f35c577cef6ced4042c603ebe726c266,DELETE,regular-file,Content/MilitaryWeapDark/Sound/SniperRifle/Wavs/SniperRifleB_Fire_ST02.uasset,131,
cc57dc28dca2cb35d21715ee5e6a2646da559e41,DELETE,regular-file,Content/MilitaryWeapDark/Sound/SniperRifle/Wavs/SniperRifleB_Fire_ST03.uasset,131,
af819b26b78e65465692e1ffb614a411fb851410,DELETE,regular-file,Content/MilitaryWeapDark/Sound/SniperRifle/Wavs/SniperRifleB_Fire_ST04.uasset,132,
46bdca1e9ebf5cfc4fefffa901e9f1991827b760,DELETE,regular-file,Content/MilitaryWeapDark/Sound/SniperRifle/Wavs/SniperRifle_AmmoPickup.uasset,130,
0637a8f8fb67ccc5f3da297bf8c2b34afe6b584f,DELETE,regular-file,Content/MilitaryWeapDark/Sound/SniperRifle/Wavs/SniperRifle_ImpactBody01.uasset,130,
28a235a2ce19d5f650b81f336b0258dff7ecd720,DELETE,regular-file,Content/MilitaryWeapDark/Sound/SniperRifle/Wavs/SniperRifle_ImpactBody02.uasset,130,
243d105b761d656ca6f38d6091a1464075239176,DELETE,regular-file,Content/MilitaryWeapDark/Sound/SniperRifle/Wavs/SniperRifle_ImpactBody03.uasset,130,
bb987db80479e4b119255c8d262064bc1306e419,DELETE,regular-file,Content/MilitaryWeapDark/Sound/SniperRifle/Wavs/SniperRifle_ImpactBody04.uasset,130,
25f39455a4b0f2246d813697858727b5e6dd8de8,DELETE,regular-file,Content/MilitaryWeapDark/Sound/SniperRifle/Wavs/SniperRifle_ImpactSurface01.uasset,130,
bbfab71a87d253d15f49e38dbce00c13037b8a2e,DELETE,regular-file,Content/MilitaryWeapDark/Sound/SniperRifle/Wavs/SniperRifle_ImpactSurface02.uasset,130,
b9664d481349f52b56f3d45ad6fa726ac48b52cb,DELETE,regular-file,Content/MilitaryWeapDark/Sound/SniperRifle/Wavs/SniperRifle_ImpactSurface03.uasset,130,
e5b1148dd62aa7b68590ad70129dfd7c7cf58785,DELETE,regular-file,Content/MilitaryWeapDark/Sound/SniperRifle/Wavs/SniperRifle_ImpactSurface04.uasset,130,
996f98ec58b6ae816147ec8dec96a7c4baffa5d4,DELETE,regular-file,Content/MilitaryWeapDark/Sound/SniperRifle/Wavs/SniperRifle_Lower.uasset,130,
5b27d597f2dd92d31e5767393ab49ab8abcdf957,DELETE,regular-file,Content/MilitaryWeapDark/Sound/SniperRifle/Wavs/SniperRifle_Raise.uasset,130,
b4eca7905a1819167170ae75674a719157c2ce39,DELETE,regular-file,Content/MilitaryWeapDark/Sound/SniperRifle/Wavs/SniperRifle_Reload01.uasset,130,
f2e6d8af6356a53f632ab4490a06d0b572aa2916,DELETE,regular-file,Content/MilitaryWeapDark/Sound/SniperRifle/Wavs/SniperRifle_Reload02.uasset,130,
6a72d896ca0d0958236863f2eb5efbf5ca5dc40e,DELETE,regular-file,Content/MilitaryWeapDark/Sound/SniperRifle/Wavs/SniperRifle_Reload03.uasset,130,
d9fc0eba718f367be0a4bdbe1a8355f3607bc957,DELETE,regular-file,Content/MilitaryWeapDark/Sound/SniperRifle/Wavs/SniperRifle_ReloadInsert01.uasset,130,
de9aac18f6852e4da42da81585861c6da69b5a2a,DELETE,regular-file,Content/MilitaryWeapDark/Sound/SniperRifle/Wavs/SniperRifle_ReloadInsert02.uasset,130,
878a8d2ff373d41ec12d43fbebf09e4995a71a78,DELETE,regular-file,Content/MilitaryWeapDark/Sound/SniperRifle/Wavs/SniperRifle_ReloadInsert03.uasset,130,
dd0ab251a32a5be97b0b8ab45581014242a91b4c,DELETE,regular-file,Content/MilitaryWeapDark/Sound/SniperRifle/Wavs/SniperRifle_ZoomIn.uasset,130,
dc6c6ea13b833e0788a8bc0feb85cab10eaf496a,DELETE,regular-file,Content/MilitaryWeapDark/Sound/SniperRifle/Wavs/SniperRifle_ZoomOut.uasset,130,
0fda6a971d6dfdb2e8711df986ba2dd9df04855f,DELETE,regular-file,Content/MilitaryWeapDark/Weapons/Anims/Fire_GrenadeLauncher_W.uasset,130,
05fd64205d859c284e0469a3070ffc2590d3e08b,DELETE,regular-file,Content/MilitaryWeapDark/Weapons/Anims/Fire_Pistol_W.uasset,130,
e44c7378dfbd1e82899f5e3934b2ea77578f5b27,DELETE,regular-file,Content/MilitaryWeapDark/Weapons/Anims/Fire_Rifle_W.uasset,130,
9160f87af8a973c25ebd9d1fbfd2c84fdf14e2ab,DELETE,regular-file,Content/MilitaryWeapDark/Weapons/Anims/Fire_RocketLauncher_W.uasset,130,
2e5b8f1be4ce421b03f841b757e273bb5bbfadd5,DELETE,regular-file,Content/MilitaryWeapDark/Weapons/Anims/Fire_Shotgun_W.uasset,130,
564a51ae69660761f01b16d9578350ff3abe80f3,DELETE,regular-file,Content/MilitaryWeapDark/Weapons/Anims/Fire_SniperRifle_W.uasset,130,
83bb11fd19ca382c67b574560bc95756d558b3c9,DELETE,regular-file,Content/MilitaryWeapDark/Weapons/Anims/Prone_Reload_Rifle_W.uasset,130,
d8e3083e777231f4c7a8c86234c1af037de01ce5,DELETE,regular-file,Content/MilitaryWeapDark/Weapons/Anims/Prone_Reload_Shotgun_W.uasset,130,
3023d8f8d0f12bb821772b78096881b74a63d548,DELETE,regular-file,Content/MilitaryWeapDark/Weapons/Anims/Prone_Reload_SniperRifle_W.uasset,130,
14e200ec916e7106b61ab4fc61f6fb6d09cb1dc2,DELETE,regular-file,Content/MilitaryWeapDark/Weapons/Anims/Reload_GrenadeLauncher_W.uasset,130,
5e4b52ca417d224c83b087fbb40122c0460e43d4,DELETE,regular-file,Content/MilitaryWeapDark/Weapons/Anims/Reload_Pistol_W.uasset,130,
5cff653dc80e12c35ebe53249566df8e7dbb78e2,DELETE,regular-file,Content/MilitaryWeapDark/Weapons/Anims/Reload_Rifle_Hip_W.uasset,130,
6b5906c65a6f520b16764352bab229fd8e51acf3,DELETE,regular-file,Content/MilitaryWeapDark/Weapons/Anims/Reload_Rifle_Ironsights_W.uasset,130,
457f5d4c329f51bad526da276b4af3e5d2338a4c,DELETE,regular-file,Content/MilitaryWeapDark/Weapons/Anims/Reload_RocketLauncher_W.uasset,130,
f9a1f78ea98ae23263bde9e85b18ddd6bf258120,DELETE,regular-file,Content/MilitaryWeapDark/Weapons/Anims/Reload_Shotgun_Hip_W.uasset,130,
c1fbce40f90b6760582b88699b865e93a2a06a8b,DELETE,regular-file,Content/MilitaryWeapDark/Weapons/Anims/Reload_Shotgun_Ironsights_W.uasset,130,
863bb02521f9175d9911df054d15489bc32ca500,DELETE,regular-file,Content/MilitaryWeapDark/Weapons/Anims/Reload_SniperRifle_Hip_W.uasset,130,
83ba0fb18a083edffeb9fa4402b7d9d6c9a846fe,DELETE,regular-file,Content/MilitaryWeapDark/Weapons/Anims/Reload_SniperRifle_Ironsights_W.uasset,130,
e3f1cef5d3b83ef028041b1e061d097f19bc8341,DELETE,regular-file,Content/MilitaryWeapDark/Weapons/AssaultRifleB_Ammo.uasset,130,
145c1e061d36d9b6f218d09fda07d3a51e75181c,DELETE,regular-file,Content/MilitaryWeapDark/Weapons/Assault_Rifle_B.uasset,131,
d3e6352cedb778e19e93ad399d1e1779dbf11f4c,DELETE,regular-file,Content/MilitaryWeapDark/Weapons/Assault_Rifle_B_PhysicsAsset.uasset,129,
ed18f5288d9f4c733d852bfdb9a49da7c4fadedf,DELETE,regular-file,Content/MilitaryWeapDark/Weapons/Assault_Rifle_B_Skeleton.uasset,129,
cd173e7979ef71ef39cc1a99cae0b2021146c53b,DELETE,regular-file,Content/MilitaryWeapDark/Weapons/GrenadeLauncherB_Ammo.uasset,131,
202d51fb03a99ad23341dc34a427bce41cbf56aa,DELETE,regular-file,Content/MilitaryWeapDark/Weapons/Grenade_Launcher_B.uasset,131,
ec3704d64acebeb2f7cd0d1af75bf7007b5027b0,DELETE,regular-file,Content/MilitaryWeapDark/Weapons/Grenade_Launcher_B_PhysicsAsset.uasset,129,
951c7dc5ef437169c9111b6167b11f3832e126d9,DELETE,regular-file,Content/MilitaryWeapDark/Weapons/Grenade_Launcher_B_Skeleton.uasset,129,
c72b2d8e07e445408d3c565e861e670f7bdb7d11,DELETE,regular-file,Content/MilitaryWeapDark/Weapons/Knife_B.uasset,131,
7166fff6cb576fd11e8b395fe90febf3b53cea9d,DELETE,regular-file,Content/MilitaryWeapDark/Weapons/Knife_B_PhysicsAsset.uasset,129,
f85608e5e389ebec7738decf2d746289042076d4,DELETE,regular-file,Content/MilitaryWeapDark/Weapons/Knife_B_Skeleton.uasset,129,
bb722aae8938353aeb2958c535804ff6fe14112b,DELETE,regular-file,Content/MilitaryWeapDark/Weapons/Materials/M_AssaultRifle_01.uasset,131,
e0f2102f7a8200a64e44f9506a8a8a7f549daeee,DELETE,regular-file,Content/MilitaryWeapDark/Weapons/Materials/M_GrenadeLauncher_01.uasset,131,
6c1fd974c565773437d719a4908a09be8ff677a3,DELETE,regular-file,Content/MilitaryWeapDark/Weapons/Materials/M_Knife_01.uasset,131,
61855969573177dd8caa576085a4b6532fb8ffa6,DELETE,regular-file,Content/MilitaryWeapDark/Weapons/Materials/M_Pistol_01.uasset,131,
1b4228e7aeadba537f1ce4acf09f842aac79245f,DELETE,regular-file,Content/MilitaryWeapDark/Weapons/Materials/M_RocketLauncher_01.uasset,131,
8e2b00204f270d851439a1b487688fae19084f56,DELETE,regular-file,Content/MilitaryWeapDark/Weapons/Materials/M_Shotgun_01.uasset,131,
a0b8611de23041bd742dad6b412f9682719bfa2d,DELETE,regular-file,Content/MilitaryWeapDark/Weapons/Materials/M_SniperRifle_01.uasset,131,
a6928e6c14bc8537df381f5e84b6b7013a5ec619,DELETE,regular-file,Content/MilitaryWeapDark/Weapons/Materials/M_WeaponMaster_01.uasset,131,
1178557b55256c6c960439027a5a4bf2a679574d,DELETE,regular-file,Content/MilitaryWeapDark/Weapons/PistolB_Ammo.uasset,130,
f194642e057e83a37636bb70e0f1611a161cb3b6,DELETE,regular-file,Content/MilitaryWeapDark/Weapons/Pistols_B.uasset,131,
1de3087f20e46cbee5dc8520cdded001cfea2493,DELETE,regular-file,Content/MilitaryWeapDark/Weapons/Pistols_B_PhysicsAsset.uasset,129,
60028439d39dcf6969588de5c008624131021b80,DELETE,regular-file,Content/MilitaryWeapDark/Weapons/Pistols_B_Skeleton.uasset,129,
8904b25adc0eaf22c5df4ff370539131f3196fe1,DELETE,regular-file,Content/MilitaryWeapDark/Weapons/RocketLauncherB_Ammo.uasset,131,
9861df9ba0c6cb12aaddd8c0390f9387bdd8acc4,DELETE,regular-file,Content/MilitaryWeapDark/Weapons/Rocket_launcher_B.uasset,131,
338904bccb62b0142f786c216913ea01f53acfc5,DELETE,regular-file,Content/MilitaryWeapDark/Weapons/Rocket_launcher_B_PhysicsAsset.uasset,129,
4e168775186d556a9d2d911b38426f4767be7bb5,DELETE,regular-file,Content/MilitaryWeapDark/Weapons/Rocket_launcher_B_Skeleton.uasset,129,
ce787494b8a18e62755492a2eb5d6aa6ed1f1db7,DELETE,regular-file,Content/MilitaryWeapDark/Weapons/ShotgunB_Ammo.uasset,130,
5eed6e536f56b3b34c5cc6c72216351a3ebd88b1,DELETE,regular-file,Content/MilitaryWeapDark/Weapons/Shotgun_B.uasset,131,
91d486e526f5571703e33f9932140e1e1630b04b,DELETE,regular-file,Content/MilitaryWeapDark/Weapons/Shotgun_B_PhysicsAsset.uasset,129,
19c6275e24a5a9f65a9fce34f31b1521209b9b31,DELETE,regular-file,Content/MilitaryWeapDark/Weapons/Shotgun_B_Skeleton.uasset,129,
0b2d1cf5953c69dda1a3141063331f51d2622143,DELETE,regular-file,Content/MilitaryWeapDark/Weapons/SniperRifleB_Ammo.uasset,130,
c1dc52ad54db202e95268a62d48692d4b0c74067,DELETE,regular-file,Content/MilitaryWeapDark/Weapons/Sniper_Rifle_B.uasset,132,
645aaf52b2e28d79bdaa0e1679f4a089b9a53163,DELETE,regular-file,Content/MilitaryWeapDark/Weapons/Sniper_Rifle_B_PhysicsAsset.uasset,129,
4c2fd182fa0a325c55c840b64522460535067480,DELETE,regular-file,Content/MilitaryWeapDark/Weapons/Sniper_Rifle_B_Skeleton.uasset,129,
5c10cc1173c47ecca0396268b548792a6c1fe9c5,DELETE,regular-file,Content/MilitaryWeapDark/Weapons/Textures/Assault_Rifle_B_Diff.uasset,132,
d66ba0b6be93cf6163bc40deeef0ff7e4409e837,DELETE,regular-file,Content/MilitaryWeapDark/Weapons/Textures/Assault_Rifle_B_Masks.uasset,132,
4ccee01add8fdbdc20520dbe5a946d9dc8699b24,DELETE,regular-file,Content/MilitaryWeapDark/Weapons/Textures/Assault_Rifle_B_Norm.uasset,132,
c6c1be6877e6991307afe81d7a9c0d8aa3992700,DELETE,regular-file,Content/MilitaryWeapDark/Weapons/Textures/Grenade_Launcher_B_Diff.uasset,132,
30cfbfc94f6d55fccdf9d30ab7ff10aa2898612b,DELETE,regular-file,Content/MilitaryWeapDark/Weapons/Textures/Grenade_Launcher_B_Masks.uasset,132,
000dec87fc00c941fc6556dd52f04c3df0c0be06,DELETE,regular-file,Content/MilitaryWeapDark/Weapons/Textures/Grenade_Launcher_B_Norm.uasset,132,
81c897cefc93305a7f2209d38c56369cf0bd75eb,DELETE,regular-file,Content/MilitaryWeapDark/Weapons/Textures/Knife_B_Diff.uasset,132,
a5a70a738303adc48144dda8d9927a4a68a5831e,DELETE,regular-file,Content/MilitaryWeapDark/Weapons/Textures/Knife_B_Masks.uasset,132,
cd665db334d798e191623827e7ed0fe71acf502f,DELETE,regular-file,Content/MilitaryWeapDark/Weapons/Textures/Knife_B_Norm.uasset,132,
2c459227ebc8d190cd243ce6878476beac05ad9c,DELETE,regular-file,Content/MilitaryWeapDark/Weapons/Textures/Pistols_B_Diff.uasset,132,
d5202b5da9db2b3fdf2f02be12a40e2ffd29fccb,DELETE,regular-file,Content/MilitaryWeapDark/Weapons/Textures/Pistols_B_Masks.uasset,132,
9de153f8d047f2016f3928bef1c3867d81d78f00,DELETE,regular-file,Content/MilitaryWeapDark/Weapons/Textures/Pistols_B_Norm.uasset,132,
1e946383385db9b1f154b54c8c7726893a503c24,DELETE,regular-file,Content/MilitaryWeapDark/Weapons/Textures/Rocket_launcher_B_Diff.uasset,132,
315220ce87030a0e60ed1f2e213cf4796e2e4b66,DELETE,regular-file,Content/MilitaryWeapDark/Weapons/Textures/Rocket_launcher_B_Masks.uasset,132,
29fe940de50d3db7797853e0a72554328bc642cf,DELETE,regular-file,Content/MilitaryWeapDark/Weapons/Textures/Rocket_launcher_B_Norm.uasset,132,
dfd847401212e40ac08050a866010849f67a1138,DELETE,regular-file,Content/MilitaryWeapDark/Weapons/Textures/Shotgun_B_Diff.uasset,132,
f783bfa34d8727362f5a9b7638bee0d98392ae00,DELETE,regular-file,Content/MilitaryWeapDark/Weapons/Textures/Shotgun_B_Masks.uasset,132,
af50ad18908ed4b1dd9317740171f5fe1b02f8c0,DELETE,regular-file,Content/MilitaryWeapDark/Weapons/Textures/Shotgun_B_Norm.uasset,132,
efd2fc7c700f73c7e2016c3cfb9e74c93df6a989,DELETE,regular-file,Content/MilitaryWeapDark/Weapons/Textures/Sniper_Rifle_B_Diff.uasset,132,
aedbb4f0138a48c92ed00913db30cc5952d51f8e,DELETE,regular-file,Content/MilitaryWeapDark/Weapons/Textures/Sniper_Rifle_B_Masks.uasset,132,
36fda6c2ba713ea947acc340563cffbdfde7adf2,DELETE,regular-file,Content/MilitaryWeapDark/Weapons/Textures/Sniper_Rifle_B_Norm.uasset,132,
5bc813dd7ef29bc45a4957b807033457936c5b96,DELETE,regular-file,Content/SavedData/SG_PlayerProfile.uasset,129,
9f2cd0c9c56363e065a676c68ba64c871a73cb3d,DELETE,regular-file,Content/SavedData/S_PlayerProfile.uasset,129,
c2a34afce708c06410abdc8a2aaddfa33f49b57c,DELETE,regular-file,Content/StarterContent/Architecture/Floor_400x400.uasset,130,
a74124f8e4426c1be993bd3bfc7494843f6ed8fb,DELETE,regular-file,Content/StarterContent/Architecture/Pillar_50x500.uasset,130,
b6ef400b65c24c3e0d7e6cef1e28e3fcb408375f,DELETE,regular-file,Content/StarterContent/Architecture/SM_AssetPlatform.uasset,131,
8df10ff94f7ee08f271e7bc5a4a99ea7a9b3107c,DELETE,regular-file,Content/StarterContent/Architecture/Wall_400x200.uasset,130,
e195f240d4b1f43ed477882d782a93e95432db67,DELETE,regular-file,Content/StarterContent/Architecture/Wall_400x300.uasset,130,
1c97beb8e59a8bef61e24359b24d893c9f2cebaa,DELETE,regular-file,Content/StarterContent/Architecture/Wall_400x400.uasset,130,
75e7f967e6b44bea43166e3dba8410b42de04b09,DELETE,regular-file,Content/StarterContent/Architecture/Wall_500x500.uasset,130,
59c6efc6da846a36f462d44675ee236da22e5286,DELETE,regular-file,Content/StarterContent/Architecture/Wall_Door_400x300.uasset,130,
05fda56525462c90b0627f482192c6d819296399,DELETE,regular-file,Content/StarterContent/Architecture/Wall_Door_400x400.uasset,130,
15c0eaf05d0e190b1aa081ae77b1ea63f2d1d7b8,DELETE,regular-file,Content/StarterContent/Architecture/Wall_Window_400x300.uasset,130,
5596705d807de45c52232a2b1ac0f2d3398d8d01,DELETE,regular-file,Content/StarterContent/Architecture/Wall_Window_400x400.uasset,130,
5e3ff30e470dd5296f3d1c4e295ecd8272943d61,DELETE,regular-file,Content/StarterContent/Audio/Collapse01.uasset,131,
f45a091d1c85503c77420273dca78b1681552bc9,DELETE,regular-file,Content/StarterContent/Audio/Collapse02.uasset,131,
81e69e188e77c766a92f002ff87a67933541326a,DELETE,regular-file,Content/StarterContent/Audio/Collapse_Cue.uasset,129,
5a0119b2820dc967949d4cc80451a7329adb674b,DELETE,regular-file,Content/StarterContent/Audio/Explosion01.uasset,131,
dfdedf4917f38c717e2d770fe0e82f03262b43a9,DELETE,regular-file,Content/StarterContent/Audio/Explosion02.uasset,131,
a67301e905183709d4670bf000825f832d491f43,DELETE,regular-file,Content/StarterContent/Audio/Explosion_Cue.uasset,129,
67eb4281f3ac65162cb98e44c3d73c87153a8d32,DELETE,regular-file,Content/StarterContent/Audio/Fire01.uasset,131,
b723ef56f425ca92e4c0ca3835c7d007dcd16932,DELETE,regular-file,Content/StarterContent/Audio/Fire01_Cue.uasset,129,
8159b34cc4c725270f79b7b7e10a7bb1361b9c7e,DELETE,regular-file,Content/StarterContent/Audio/Fire_Sparks01.uasset,131,
693d437868a815a10623dea046935aab55f1846c,DELETE,regular-file,Content/StarterContent/Audio/Fire_Sparks01_Cue.uasset,129,
dcb7c70128306d39e8855f5b9551b3aa32188d88,DELETE,regular-file,Content/StarterContent/Audio/Light01.uasset,131,
24a177544fe4231317ddf3966b5a2275ac2b9ea3,DELETE,regular-file,Content/StarterContent/Audio/Light01_Cue.uasset,129,
55b388252d4a384506671a5663a13ade43768487,DELETE,regular-file,Content/StarterContent/Audio/Light02.uasset,131,
da4e413ad0c839426dcb28619fb0fa8b4c03e4a1,DELETE,regular-file,Content/StarterContent/Audio/Light02_Cue.uasset,129,
97d92a120449fd5e21922f11992cc326c2ac8251,DELETE,regular-file,Content/StarterContent/Audio/Smoke01.uasset,131,
d0d0bbfd20ffc0c142877b095c092a4645fd86a4,DELETE,regular-file,Content/StarterContent/Audio/Smoke01_Cue.uasset,129,
8eed8631a48ee9325ad6ca50933ff1984f83872d,DELETE,regular-file,Content/StarterContent/Audio/Starter_Background_Cue.uasset,130,
48fe853d68f68b03cb253496267d6c35e491db77,DELETE,regular-file,Content/StarterContent/Audio/Starter_Birds01.uasset,132,
9034d404affb4931dd2c61dc98d3c4b069f019a9,DELETE,regular-file,Content/StarterContent/Audio/Starter_Music01.uasset,132,
9b4e0b5f820edeb59d42bd5ab0557db7b2d5e1f2,DELETE,regular-file,Content/StarterContent/Audio/Starter_Music_Cue.uasset,129,
5b51a8b0aac30be63f9aaf83e56d4c852e6b2672,DELETE,regular-file,Content/StarterContent/Audio/Starter_Wind05.uasset,132,
13d7d301579c26cbb8894713b883c4081802028f,DELETE,regular-file,Content/StarterContent/Audio/Starter_Wind06.uasset,132,
96b584508dc36589725f651c3985b8289f52efe2,DELETE,regular-file,Content/StarterContent/Audio/Steam01.uasset,131,
2050940dea3b5380da0c32656feaafee2c82aeb9,DELETE,regular-file,Content/StarterContent/Audio/Steam01_Cue.uasset,129,
4b7f0d2291b9de172a2cc5afcf359c3ccbb35391,DELETE,regular-file,Content/StarterContent/Blueprints/Assets/FogBrightnessLUT.uasset,129,
49b49d4685d787cca129be45a853220b589e700b,DELETE,regular-file,Content/StarterContent/Blueprints/Assets/M_LightStage_Arrows.uasset,130,
bae5b52f694cc3f9fb0679c56d4bba84afa102f0,DELETE,regular-file,Content/StarterContent/Blueprints/Assets/M_LightStage_Skybox_Black.uasset,129,
d5828c062a7031ba6dbfb9ae8916c43f414e517f,DELETE,regular-file,Content/StarterContent/Blueprints/Assets/M_LightStage_Skybox_HDRI.uasset,130,
c213dea8e7bd78ac758f69e0aa92ed91a5b56f23,DELETE,regular-file,Content/StarterContent/Blueprints/Assets/M_LightStage_Skybox_Master.uasset,130,
62183251a972285384864935f87f477bd143bc7a,DELETE,regular-file,Content/StarterContent/Blueprints/Assets/SM_Arrows.uasset,131,
2e67e29600e07485f4292a8ac2a062f4cf3ddd2c,DELETE,regular-file,Content/StarterContent/Blueprints/Assets/Skybox.uasset,131,
dc478e658dd45e942aa46de052366b5e63642343,DELETE,regular-file,Content/StarterContent/Blueprints/Assets/SunlightColorLUT.uasset,129,
2ea43325a6d1f76fab2cbb53ebb145b9a8799452,DELETE,regular-file,Content/StarterContent/Blueprints/BP_LightStudio.uasset,131,
c5c3b84e7553c35d0e347c7941e02b83299375cf,DELETE,regular-file,Content/StarterContent/Blueprints/Blueprint_CeilingLight.uasset,131,
4269e35c4c39a66d034f9396193139105910509d,DELETE,regular-file,Content/StarterContent/Blueprints/Blueprint_Effect_Explosion.uasset,130,
97e76f4b339fcf827e8039013b3c34ed4297b5c0,DELETE,regular-file,Content/StarterContent/Blueprints/Blueprint_Effect_Fire.uasset,130,
ca8a05341ea00022f0ab171b146065b882955bf2,DELETE,regular-file,Content/StarterContent/Blueprints/Blueprint_Effect_Smoke.uasset,130,
d1cd7fc77e8f65bbbf74445d2c3336e5cf2185b4,DELETE,regular-file,Content/StarterContent/Blueprints/Blueprint_Effect_Sparks.uasset,130,
a2ee9aa737bcb03643236ca67049fc8e7de46ab1,DELETE,regular-file,Content/StarterContent/Blueprints/Blueprint_Effect_Steam.uasset,130,
d4c7b4e62d0fafa68b6a3ab349e97f9551043ae1,DELETE,regular-file,Content/StarterContent/Blueprints/Blueprint_WallSconce.uasset,131,
146a769f7878ba502060dbee77a8812e61830c9e,DELETE,regular-file,Content/StarterContent/HDRI/HDRI_Epic_Courtyard_Daylight.uasset,133,
ec8eff101d35891250c5b6aa9cd42203330f0c7b,DELETE,regular-file,Content/StarterContent/Maps/Advanced_Lighting.umap,130,
c0b0164b4cd91f4cdb2d64dca3c8758b8f6bd24e,DELETE,regular-file,Content/StarterContent/Maps/Advanced_Lighting_BuiltData.uasset,132,
408bd0ed26b785ae1d1bdac4919b96c6f3d9bde8,DELETE,regular-file,Content/StarterContent/Maps/Minimal_Default.umap,130,
a217a67cce970959d52415ab631c4a5ec8d0dc4c,DELETE,regular-file,Content/StarterContent/Maps/Minimal_Default_BuiltData.uasset,132,
8f9648f74f5dc37ba60427000e6a63e7b17145c6,DELETE,regular-file,Content/StarterContent/Maps/StarterMap.umap,131,
c973803541e6d0a0ab9c2a09ea883b6d172b1f79,DELETE,regular-file,Content/StarterContent/Maps/StarterMap_BuiltData.uasset,133,
9cffede52facca0c80e67dab01d98a0c4fdbd0fc,DELETE,regular-file,Content/StarterContent/Materials/M_AssetPlatform.uasset,129,
07401c920758a5ef3983d7bf1a591d6a70fad81d,DELETE,regular-file,Content/StarterContent/Materials/M_Basic_Floor.uasset,129,
8180e2182b1096c71457acfb36a33c7585591baa,DELETE,regular-file,Content/StarterContent/Materials/M_Basic_Wall.uasset,129,
14c45696c493f6c8a41a63ec0a57d59a240c96a7,DELETE,regular-file,Content/StarterContent/Materials/M_Brick_Clay_Beveled.uasset,130,
0dc4a46ecaa955686df93d49b958778dd4dd7eaa,DELETE,regular-file,Content/StarterContent/Materials/M_Brick_Clay_New.uasset,130,
0d955cf97381caec3fcd41c3e4eb1642fb46a526,DELETE,regular-file,Content/StarterContent/Materials/M_Brick_Clay_Old.uasset,130,
07408d2d470a76ac0147847e4d44c507cd11a236,DELETE,regular-file,Content/StarterContent/Materials/M_Brick_Cut_Stone.uasset,130,
3150c0556a999ad9003f4255736b79a6ca67c675,DELETE,regular-file,Content/StarterContent/Materials/M_Brick_Hewn_Stone.uasset,130,
219b01e7ae14f1630bb35f8fbe797fd33b6ea646,DELETE,regular-file,Content/StarterContent/Materials/M_Ceramic_Tile_Checker.uasset,130,
7485ad0d55d99d23a795e0907455ceae9b26f213,DELETE,regular-file,Content/StarterContent/Materials/M_CobbleStone_Pebble.uasset,130,
2fabcccd2028391bbb8ea45a9155baa1b7b05773,DELETE,regular-file,Content/StarterContent/Materials/M_CobbleStone_Rough.uasset,131,
5cb2bf4c587e8039d4f05ebf45eb510b80f4fba0,DELETE,regular-file,Content/StarterContent/Materials/M_CobbleStone_Smooth.uasset,131,
0ebcc43c90b692ca43d8180f90953e22f0134b47,DELETE,regular-file,Content/StarterContent/Materials/M_ColorGrid_LowSpec.uasset,129,
4d6c6962cfcf4f1c68df2fddc523a11ce50d1ef3,DELETE,regular-file,Content/StarterContent/Materials/M_Concrete_Grime.uasset,130,
5645f01b48eff354ce58a74282e4d2757be0fd5c,DELETE,regular-file,Content/StarterContent/Materials/M_Concrete_Panels.uasset,130,
604f867577c0490523e613840cbb1d89da1e3ad3,DELETE,regular-file,Content/StarterContent/Materials/M_Concrete_Poured.uasset,130,
f616c4fe0f08cac826500bee2e1f11c0fca388c6,DELETE,regular-file,Content/StarterContent/Materials/M_Concrete_Tiles.uasset,130,
e52df6979228ce2cb71977515c4de7ad00bc8dc2,DELETE,regular-file,Content/StarterContent/Materials/M_Glass.uasset,130,
d6b21bce94d84a8dfada5de73e2d6a35d33da1f6,DELETE,regular-file,Content/StarterContent/Materials/M_Ground_Grass.uasset,130,
3384221084ca0836bcfc684a3d8f9fdfabf77e07,DELETE,regular-file,Content/StarterContent/Materials/M_Ground_Gravel.uasset,130,
8039767954daf34b5b6b18d0f84d3d4b6a759184,DELETE,regular-file,Content/StarterContent/Materials/M_Ground_Moss.uasset,130,
919edd6936486f90f110a6096a9f32f0f083c789,DELETE,regular-file,Content/StarterContent/Materials/M_Metal_Brushed_Nickel.uasset,130,
c51d39d6d357a13784a0720203666edf29dad9f5,DELETE,regular-file,Content/StarterContent/Materials/M_Metal_Burnished_Steel.uasset,130,
beb7abead87598c20af88fe61112ea2549384fc4,DELETE,regular-file,Content/StarterContent/Materials/M_Metal_Chrome.uasset,130,
661bef690308467753c2566f66800932913e8e10,DELETE,regular-file,Content/StarterContent/Materials/M_Metal_Copper.uasset,130,
5c96059ccd0c08d4c10d786759664477ff9c8f43,DELETE,regular-file,Content/StarterContent/Materials/M_Metal_Gold.uasset,130,
74afde370891bb38146566c3d6bdd492dec0bcd9,DELETE,regular-file,Content/StarterContent/Materials/M_Metal_Rust.uasset,130,
7b19500d539fd637a1dfd379cf3126b54bc47dc0,DELETE,regular-file,Content/StarterContent/Materials/M_Metal_Steel.uasset,130,
48e574d910842b6f42e4084449ad1c0185145074,DELETE,regular-file,Content/StarterContent/Materials/M_Rock_Basalt.uasset,130,
63bbea190ec4bf6f0a8c373540bea0dc01efce71,DELETE,regular-file,Content/StarterContent/Materials/M_Rock_Marble_Polished.uasset,130,
f19b524fcd0b02ac80223f2a79b72be73acad5d9,DELETE,regular-file,Content/StarterContent/Materials/M_Rock_Sandstone.uasset,130,
28b522538618a1a0d47edeea03c3ad64e0e26511,DELETE,regular-file,Content/StarterContent/Materials/M_Rock_Slate.uasset,130,
03651bfe7f39acc32ef855a2d5b65e75cc4a6796,DELETE,regular-file,Content/StarterContent/Materials/M_Tech_Checker_Dot.uasset,130,
a5204a67ae579fb92d4fd1639b6eeece57806a52,DELETE,regular-file,Content/StarterContent/Materials/M_Tech_Hex_Tile.uasset,130,
8757f2d31dee39773cbdf718eed45e1ccb51d0ce,DELETE,regular-file,Content/StarterContent/Materials/M_Tech_Hex_Tile_Pulse.uasset,130,
e3d57d6b34a3741b1598d7980ca7ef5338fbfcd6,DELETE,regular-file,Content/StarterContent/Materials/M_Tech_Panel.uasset,130,
662a11e4770062e8ea9bb7b65b5da27c961df22b,DELETE,regular-file,Content/StarterContent/Materials/M_Water_Lake.uasset,130,
1d82bcfce488a7b4ea9d8638c52b3f00cc71af75,DELETE,regular-file,Content/StarterContent/Materials/M_Water_Ocean.uasset,130,
9850ec359ed3b0ce3b4947b48d260bf4cedc3647,DELETE,regular-file,Content/StarterContent/Materials/M_Wood_Floor_Walnut_Polished.uasset,130,
93e56c55acdfcb7869970eeed5bc96456e34e9ac,DELETE,regular-file,Content/StarterContent/Materials/M_Wood_Floor_Walnut_Worn.uasset,130,
de1747ef46af59cd7948fa849cd657d7311122df,DELETE,regular-file,Content/StarterContent/Materials/M_Wood_Oak.uasset,130,
eafee70c2fa19c5ff0f120613d5f1b4c4bd033ee,DELETE,regular-file,Content/StarterContent/Materials/M_Wood_Pine.uasset,130,
2e92619453436a596a85f9a24417161aab51e628,DELETE,regular-file,Content/StarterContent/Materials/M_Wood_Walnut.uasset,130,
8b6ae42798929c09da8114588ba2b1bd0c508d27,DELETE,regular-file,Content/StarterContent/Particles/Materials/M_Burst.uasset,130,
6a1195eb089ec758d3bf130d9f34e8d8e6607505,DELETE,regular-file,Content/StarterContent/Particles/Materials/M_Dust_Particle.uasset,129,
20bce4314fd603bab1b0a0822c8d9a382c4482b4,DELETE,regular-file,Content/StarterContent/Particles/Materials/M_Fire_SubUV.uasset,130,
ffb589961a6db1726eb7f5227fe4910eba0b7aeb,DELETE,regular-file,Content/StarterContent/Particles/Materials/M_Heat_Distortion.uasset,130,
96f3272aed448f2a0651ea27670ea08c20ca9c2d,DELETE,regular-file,Content/StarterContent/Particles/Materials/M_Radial_Gradient.uasset,130,
175497789ab0819d0d2eaf3bdc8cddb56da0e9af,DELETE,regular-file,Content/StarterContent/Particles/Materials/M_Spark.uasset,129,
a09186abad767744e4b584d676fb23fa71c33167,DELETE,regular-file,Content/StarterContent/Particles/Materials/M_explosion_subUV.uasset,130,
bc957b9d1d34d9db9a0d3e2e9e776fa6b02b8e34,DELETE,regular-file,Content/StarterContent/Particles/Materials/M_radial_ramp.uasset,130,
29506ef6b19155a5bd9dd1331e0b4e00ba0b06ce,DELETE,regular-file,Content/StarterContent/Particles/Materials/M_smoke_subUV.uasset,130,
4b49de3c9ffcf858b4dc3b1db2949ccac2881fce,DELETE,regular-file,Content/StarterContent/Particles/Materials/m_flare_01.uasset,130,
bf2e4391eb4c3fe32fdc08a80042e4a1e75f4004,DELETE,regular-file,Content/StarterContent/Particles/P_Ambient_Dust.uasset,130,
d3796babe1bff75a974e6da193be0617b069f5d0,DELETE,regular-file,Content/StarterContent/Particles/P_Explosion.uasset,131,
38533ccf255c4b8781e9234628e2961f5bceddd0,DELETE,regular-file,Content/StarterContent/Particles/P_Fire.uasset,131,
b1b00f9c6edef14058971ae6ec4afc0881f7a807,DELETE,regular-file,Content/StarterContent/Particles/P_Smoke.uasset,130,
061ebce9c83045ca14ea02b82e635221e63a6571,DELETE,regular-file,Content/StarterContent/Particles/P_Sparks.uasset,131,
7f3b1e052660509f7a57f6898c28a00476df78a9,DELETE,regular-file,Content/StarterContent/Particles/P_Steam_Lit.uasset,131,
56bddfc98d671d08256ee096dd400a549d93535f,DELETE,regular-file,Content/StarterContent/Props/MaterialSphere.uasset,130,
152e54060cfbe388b81fe81e1a8664fca7fe5c25,DELETE,regular-file,Content/StarterContent/Props/Materials/M_Bush.uasset,130,
800b7f80f5a5c1bdc6e9eb9dc16f54d10a4e1805,DELETE,regular-file,Content/StarterContent/Props/Materials/M_Chair.uasset,130,
270fab878a99fc4de2cc725c96a1cd7f6e6da154,DELETE,regular-file,Content/StarterContent/Props/Materials/M_Door.uasset,130,
2a6f32fff30bea38ed12f9d4adca059b6c5b924c,DELETE,regular-file,Content/StarterContent/Props/Materials/M_Frame.uasset,130,
f1eeabe6379083e54d5036f1497621061e061d70,DELETE,regular-file,Content/StarterContent/Props/Materials/M_Lamp.uasset,130,
f76ba83d142dda1b115f30f67dd32e4d556c8c21,DELETE,regular-file,Content/StarterContent/Props/Materials/M_Rock.uasset,130,
11fbc3b888153304f233e84fccd34cd15f651062,DELETE,regular-file,Content/StarterContent/Props/Materials/M_Shelf.uasset,130,
b93e6f5130ab28cd69a29051bf3cc597ccf7a534,DELETE,regular-file,Content/StarterContent/Props/Materials/M_Statue.uasset,130,
a4a342ebf5c1b658d4524cbb7c287d027106d320,DELETE,regular-file,Content/StarterContent/Props/Materials/M_StatueGlass.uasset,130,
572996b011502e3df18be73a208ec8b03384299a,DELETE,regular-file,Content/StarterContent/Props/Materials/M_TableRound.uasset,130,
883ca53061a5ce79c3cd429c7d4f0c9a7ad7c662,DELETE,regular-file,Content/StarterContent/Props/SM_Bush.uasset,130,
4e6aa98393324b317b6f4781ea14c65ad643d34c,DELETE,regular-file,Content/StarterContent/Props/SM_Chair.uasset,130,
8cb6f391fc9956207a0c7699cf38c7d2377a37ec,DELETE,regular-file,Content/StarterContent/Props/SM_CornerFrame.uasset,130,
f2ac558aa3014e2a360aa56a6ad46c526464a32d,DELETE,regular-file,Content/StarterContent/Props/SM_Couch.uasset,131,
94959671499c4007c618d860979cba627b0019c1,DELETE,regular-file,Content/StarterContent/Props/SM_Door.uasset,130,
33b635c1bf5c62a3475b1aaeed6e072529b926fe,DELETE,regular-file,Content/StarterContent/Props/SM_DoorFrame.uasset,130,
5d566289b3f472946baff72cb87c1d7f570f3fca,DELETE,regular-file,Content/StarterContent/Props/SM_GlassWindow.uasset,130,
e4d57ce098fabc623fcf15ebbb80c9aecc976da9,DELETE,regular-file,Content/StarterContent/Props/SM_Lamp_Ceiling.uasset,131,
e200d4b5880727cce812b62e192f49d82e0620fb,DELETE,regular-file,Content/StarterContent/Props/SM_Lamp_Wall.uasset,130,
d627cacd00f110fb93bada9cf379266cd4d5f5b7,DELETE,regular-file,Content/StarterContent/Props/SM_PillarFrame.uasset,130,
1e6e26094df153059ce104eacf864b44ed1e353b,DELETE,regular-file,Content/StarterContent/Props/SM_PillarFrame300.uasset,130,
5d810201c0404af5ea42797ded8d98b2ab9ed9af,DELETE,regular-file,Content/StarterContent/Props/SM_Rock.uasset,130,
06533acacc30c892cbb03dc1fb9fe4538103fe34,DELETE,regular-file,Content/StarterContent/Props/SM_Shelf.uasset,130,
271ce20ee126dbfede6cc90fdb88457f8cedac6a,DELETE,regular-file,Content/StarterContent/Props/SM_Stairs.uasset,130,
f16fd8b0aa0ff7b9002a36783fb26a4cd4e395a6,DELETE,regular-file,Content/StarterContent/Props/SM_Statue.uasset,131,
f90ae6e31dc9bfbfa10e00517b81211d168eeaaa,DELETE,regular-file,Content/StarterContent/Props/SM_TableRound.uasset,131,
ca23fab139639d190dd12138c0b21746f40218a5,DELETE,regular-file,Content/StarterContent/Props/SM_WindowFrame.uasset,130,
6cd3c0aae587251649d0f0914419aed0b1d4ce89,DELETE,regular-file,Content/StarterContent/Shapes/Shape_Cone.uasset,130,
29e694fb9b2458334784a5f7087ed9bbcce08724,DELETE,regular-file,Content/StarterContent/Shapes/Shape_Cube.uasset,130,
c814b0201cabcb986c4d5042d59a77f9b474a061,DELETE,regular-file,Content/StarterContent/Shapes/Shape_Cylinder.uasset,130,
fda653e20aa1b3cdf4bf51e919655c5084f153c4,DELETE,regular-file,Content/StarterContent/Shapes/Shape_NarrowCapsule.uasset,130,
883aa142013950739120c82c235c73599fd79a81,DELETE,regular-file,Content/StarterContent/Shapes/Shape_Pipe.uasset,130,
ea19046fd2af45c32bcb5b7c045d3a80e61c78ad,DELETE,regular-file,Content/StarterContent/Shapes/Shape_Pipe_180.uasset,130,
511b03785e906cf1bdc707bed83eea14cdab1d26,DELETE,regular-file,Content/StarterContent/Shapes/Shape_Pipe_90.uasset,130,
c37e7c40c6df98be91343ce2263babf75fb31e79,DELETE,regular-file,Content/StarterContent/Shapes/Shape_Plane.uasset,130,
10464e5433b51b9d0d859e122a381a8581d86fef,DELETE,regular-file,Content/StarterContent/Shapes/Shape_QuadPyramid.uasset,130,
1801574a0c9d11668bd1d3db126eab14b53b5dc5,DELETE,regular-file,Content/StarterContent/Shapes/Shape_Sphere.uasset,130,
651f88a4c3825bf59ccda139007716f19333a1c4,DELETE,regular-file,Content/StarterContent/Shapes/Shape_Torus.uasset,130,
9b4b0b8f50d013038ba2cd91ffb3f0799fbcfee9,DELETE,regular-file,Content/StarterContent/Shapes/Shape_TriPyramid.uasset,130,
21b93aa19859f65e6540bda309ad96369e0f2bd5,DELETE,regular-file,Content/StarterContent/Shapes/Shape_Trim.uasset,130,
8bc7d557b7cceb05b5238dcc993107997ec96c9e,DELETE,regular-file,Content/StarterContent/Shapes/Shape_Trim_90_In.uasset,130,
3742d002d2bcaaa9358d9960662555b0873e07d8,DELETE,regular-file,Content/StarterContent/Shapes/Shape_Trim_90_Out.uasset,130,
e124cb824365458ea41636d79f2ef5ec53cb2e8e,DELETE,regular-file,Content/StarterContent/Shapes/Shape_Tube.uasset,130,
e729d86c83965e2e5c3f6534993d24c0ea7584b6,DELETE,regular-file,Content/StarterContent/Shapes/Shape_Wedge_A.uasset,130,
63b5e93aa9a4288f419f8d0f96e290f620326762,DELETE,regular-file,Content/StarterContent/Shapes/Shape_Wedge_B.uasset,130,
ba744a9bb75dde4ee7f15fe74f2a698adee15d79,DELETE,regular-file,Content/StarterContent/Shapes/Shape_WideCapsule.uasset,130,
51d280286e578393a75dcce33d5e306e632d731f,DELETE,regular-file,Content/StarterContent/Textures/T_Brick_Clay_Beveled_D.uasset,132,
71ff2200eb60c55eeef89f55ca3047551dd34183,DELETE,regular-file,Content/StarterContent/Textures/T_Brick_Clay_Beveled_M.uasset,132,
452fd92fbcf5128736815c6f86149e4184877f1c,DELETE,regular-file,Content/StarterContent/Textures/T_Brick_Clay_Beveled_N.uasset,132,
27ecdf96747e18ed41ba2aec15725dd6afb875d0,DELETE,regular-file,Content/StarterContent/Textures/T_Brick_Clay_New_D.uasset,132,
465c25de66da78cfea28057127095ffff29e411c,DELETE,regular-file,Content/StarterContent/Textures/T_Brick_Clay_New_M.uasset,132,
29fcc08da865116c04386ce6de511b08fdff6f9b,DELETE,regular-file,Content/StarterContent/Textures/T_Brick_Clay_New_N.uasset,132,
0309878c3318167959f41948169192ca060c6b4a,DELETE,regular-file,Content/StarterContent/Textures/T_Brick_Clay_Old_D.uasset,133,
fbac302831ec4aa9c0f614b9ce8d5ae489f5896c,DELETE,regular-file,Content/StarterContent/Textures/T_Brick_Clay_Old_N.uasset,132,
3f92d6c36130885376ece97de8f96d5fea5b5de7,DELETE,regular-file,Content/StarterContent/Textures/T_Brick_Cut_Stone_D.uasset,133,
08d46f1279293770b079970a29ea51727527b5c5,DELETE,regular-file,Content/StarterContent/Textures/T_Brick_Cut_Stone_N.uasset,132,
1d9e1194b26563d3da1801e8a7c7aaf16d4aeede,DELETE,regular-file,Content/StarterContent/Textures/T_Brick_Hewn_Stone_D.uasset,132,
f75a9bf8eb7059b98c38b68ddef5fc6928d24c7d,DELETE,regular-file,Content/StarterContent/Textures/T_Brick_Hewn_Stone_M.uasset,132,
4595078e962d73ce361e41eea7dc22918835b2cf,DELETE,regular-file,Content/StarterContent/Textures/T_Brick_Hewn_Stone_N.uasset,132,
3acb768b722cce55a2781bccc02ddbcc5428940e,DELETE,regular-file,Content/StarterContent/Textures/T_Burst_M.uasset,131,
8437d31075782ba5251b4e4bbb0540a53a91525b,DELETE,regular-file,Content/StarterContent/Textures/T_Bush_D.uasset,131,
cd994308adc1b3adbe862110300b13508019c7e2,DELETE,regular-file,Content/StarterContent/Textures/T_Bush_N.uasset,131,
f9bf48cdf9ec4936209651b5a0114e3903a4d6c9,DELETE,regular-file,Content/StarterContent/Textures/T_Ceramic_Tile_M.uasset,131,
55f8e532be74e23901b79feee8521a822b0b40e4,DELETE,regular-file,Content/StarterContent/Textures/T_Ceramic_Tile_N.uasset,131,
ef6bedb85a4222d226a5d0c89647f22605991aaf,DELETE,regular-file,Content/StarterContent/Textures/T_Chair_M.uasset,131,
d6e200b5faa8937b9ae27d95cd9228909aaac5a3,DELETE,regular-file,Content/StarterContent/Textures/T_Chair_N.uasset,132,
1694883c979e1e7c6a93ce489174cf84df88dfe8,DELETE,regular-file,Content/StarterContent/Textures/T_Checker_Noise_M.uasset,131,
7ac1beba5696bd2db18df9b3ac95c114f93296b8,DELETE,regular-file,Content/StarterContent/Textures/T_CobbleStone_Pebble_D.uasset,133,
743917763252e085384f10fb24f236773d230e63,DELETE,regular-file,Content/StarterContent/Textures/T_CobbleStone_Pebble_M.uasset,132,
c6866a71da7b79eb1e24611d50420ddf7c936239,DELETE,regular-file,Content/StarterContent/Textures/T_CobbleStone_Pebble_N.uasset,133,
d7725e32b0ae6863faa3c7562229b1966da6054a,DELETE,regular-file,Content/StarterContent/Textures/T_CobbleStone_Rough_D.uasset,132,
07b0a3a6c5c1932f5679d87a123e9689a98c136a,DELETE,regular-file,Content/StarterContent/Textures/T_CobbleStone_Rough_N.uasset,132,
4108c83e639ca5edb727161c934840c96983c8f1,DELETE,regular-file,Content/StarterContent/Textures/T_CobbleStone_Smooth_D.uasset,132,
1bb9638a7144077962f13761d96c08e5da8d0420,DELETE,regular-file,Content/StarterContent/Textures/T_CobbleStone_Smooth_M.uasset,132,
c64132a90237db6624b4949ebc00575ad8eb5601,DELETE,regular-file,Content/StarterContent/Textures/T_CobbleStone_Smooth_N.uasset,132,
a7d3fab39b1aab11eb2cecda45e63ccc5c05c240,DELETE,regular-file,Content/StarterContent/Textures/T_Concrete_Grime_D.uasset,133,
83f39ed2d40fee034502f54682bd70ac4c37cdcb,DELETE,regular-file,Content/StarterContent/Textures/T_Concrete_Panels_D.uasset,132,
57687e0ab35c0c678a76f569eb8baa4adfccf7a4,DELETE,regular-file,Content/StarterContent/Textures/T_Concrete_Panels_N.uasset,132,
30faa70d36372a69e3f9ebe5b6b76f04fbb1f16e,DELETE,regular-file,Content/StarterContent/Textures/T_Concrete_Poured_D.uasset,133,
0360614f718fac1d758d07712755f6de4348b191,DELETE,regular-file,Content/StarterContent/Textures/T_Concrete_Poured_N.uasset,132,
4c743613a3409b3170206358fe55046e8d114a18,DELETE,regular-file,Content/StarterContent/Textures/T_Concrete_Tiles_D.uasset,132,
29ddf1ed535f2170db85b2a9c57cb536b69d0714,DELETE,regular-file,Content/StarterContent/Textures/T_Concrete_Tiles_M.uasset,132,
6f9f7dda9d3d9d40e82cde6d95e781458871ba7f,DELETE,regular-file,Content/StarterContent/Textures/T_Concrete_Tiles_N.uasset,132,
fac4da16e6ad718118e444aa958e2589fc13246d,DELETE,regular-file,Content/StarterContent/Textures/T_Concrete_Tiles_Variation_M.uasset,129,
593218208963cf49213ada249f2b7d6a64a101e4,DELETE,regular-file,Content/StarterContent/Textures/T_Detail_Rocky_N.uasset,132,
ccca7483df35374caf334ade2da1629d89d8f796,DELETE,regular-file,Content/StarterContent/Textures/T_Door_M.uasset,131,
4d63741db2cf4c7380435d4d507d4d26d787b64a,DELETE,regular-file,Content/StarterContent/Textures/T_Door_N.uasset,132,
7bf767b94d94ee5917a43aa0b5ed31c7d912e71b,DELETE,regular-file,Content/StarterContent/Textures/T_Dust_Particle_D.uasset,130,
3c022dc91b4df23253addcc12732c71e763fbb39,DELETE,regular-file,Content/StarterContent/Textures/T_Explosion_SubUV.uasset,132,
98ea6ae3a26bcfb4fb8907fce43f3471c6767d39,DELETE,regular-file,Content/StarterContent/Textures/T_Fire_SubUV.uasset,131,
468da16345c8a4ed177ce4b733d36ce17f9ebcc0,DELETE,regular-file,Content/StarterContent/Textures/T_Fire_Tiled_D.uasset,131,
a42e91f08d02c720904fadacb93ce8319add4ee0,DELETE,regular-file,Content/StarterContent/Textures/T_Frame_M.uasset,131,
a1e9af0b1f3232fa1c658831515b80567ac4f1a1,DELETE,regular-file,Content/StarterContent/Textures/T_Frame_N.uasset,132,
c1b548513cc592b296e99688516ab2d39e83a0e6,DELETE,regular-file,Content/StarterContent/Textures/T_Gradinet_01.uasset,129,
b27e9cdf4a3437a4aab6d3a32e4458518f35b403,DELETE,regular-file,Content/StarterContent/Textures/T_Ground_Grass_D.uasset,133,
40b4f8df21b0a789610376f6198ef29a9a2e9be6,DELETE,regular-file,Content/StarterContent/Textures/T_Ground_Grass_N.uasset,133,
7a5aa75dded9a4831b81ee61dcf75897a2d13a17,DELETE,regular-file,Content/StarterContent/Textures/T_Ground_Gravel_D.uasset,133,
31f6229a5e37b2233ef2a6bc12b6f79c2bc09a1d,DELETE,regular-file,Content/StarterContent/Textures/T_Ground_Gravel_N.uasset,132,
14686fea1c7d3fcbf1831e99d5fc3fbd3b63fa2e,DELETE,regular-file,Content/StarterContent/Textures/T_Ground_Moss_N.uasset,132,
786ceb27cc3137985dd398330c581faed7c4efdb,DELETE,regular-file,Content/StarterContent/Textures/T_Lamp_M.uasset,131,
da95204fb38e6767e3aa0cfa2217b8b9e4a246ca,DELETE,regular-file,Content/StarterContent/Textures/T_Lamp_N.uasset,132,
ec7086ed5cd147168905a28f570acc1a5abbdca7,DELETE,regular-file,Content/StarterContent/Textures/T_MacroVariation.uasset,133,
3c11d7f65c974d7f41f3f2c74978007e352e229e,DELETE,regular-file,Content/StarterContent/Textures/T_Metal_Aluminum_D.uasset,132,
22358dd158aabe12fa2d7ae9032c30a83b6265e7,DELETE,regular-file,Content/StarterContent/Textures/T_Metal_Copper_D.uasset,132,
881ff7a76c72d0d6134330781487d1cf6f051b17,DELETE,regular-file,Content/StarterContent/Textures/T_Metal_Gold_D.uasset,132,
6c7a61dfd2b9b37017f5a68bf32c4e4b99506b8e,DELETE,regular-file,Content/StarterContent/Textures/T_Metal_Gold_N.uasset,132,
6e8b074dd3b8ed56ba1c50c10e583798d5afedd6,DELETE,regular-file,Content/StarterContent/Textures/T_Metal_Rust_D.uasset,132,
c15a7f6648265403f65c25bfa72dced0d3d5ab0b,DELETE,regular-file,Content/StarterContent/Textures/T_Metal_Rust_N.uasset,132,
985216b10e84466bd304df3e38d03f8f8b1ed574,DELETE,regular-file,Content/StarterContent/Textures/T_Metal_Steel_D.uasset,132,
675c5d3ef46695b9cb455cdec56ca869ba8cefdb,DELETE,regular-file,Content/StarterContent/Textures/T_Metal_Steel_N.uasset,132,
fc9a1de028a7f1d7bd6a942108101a4d0a54e05d,DELETE,regular-file,Content/StarterContent/Textures/T_Perlin_Noise_M.uasset,132,
1ef71b4d18864880ae2ce30ad2ca07a87f4a0809,DELETE,regular-file,Content/StarterContent/Textures/T_RockMesh_M.uasset,132,
0670981ecc14725de31cde5af5c0294dc744db07,DELETE,regular-file,Content/StarterContent/Textures/T_RockMesh_N.uasset,132,
16392822307308e554663caae3f88e592cf1dbaa,DELETE,regular-file,Content/StarterContent/Textures/T_Rock_Basalt_D.uasset,132,
07c670cb2d5eb6370478b04ac883f889d42e45ec,DELETE,regular-file,Content/StarterContent/Textures/T_Rock_Basalt_N.uasset,132,
550cd6fcd59b4ca9a27a46253a22579968a904f1,DELETE,regular-file,Content/StarterContent/Textures/T_Rock_Marble_Polished_D.uasset,132,
20b40e644979a84f3e23d39e45b7b853edeb3c85,DELETE,regular-file,Content/StarterContent/Textures/T_Rock_Sandstone_D.uasset,132,
fa379859c48a77d47758207e92a2478aca4738a4,DELETE,regular-file,Content/StarterContent/Textures/T_Rock_Sandstone_N.uasset,132,
569360ef227dc922df4b02a657b1eedb8a152851,DELETE,regular-file,Content/StarterContent/Textures/T_Rock_Slate_D.uasset,133,
1708abbac7a9ee1b4a1ad6e05c21181937e77638,DELETE,regular-file,Content/StarterContent/Textures/T_Rock_Slate_N.uasset,132,
6cc463f2a0f8f1ac0d71698b0a114b7093a18c41,DELETE,regular-file,Content/StarterContent/Textures/T_Rock_Smooth_Granite_D.uasset,132,
f5ad59f6bce41d31a07066eede28da062e4c9223,DELETE,regular-file,Content/StarterContent/Textures/T_Shelf_M.uasset,131,
53322a30b219e020a039f742b939162adc62e02a,DELETE,regular-file,Content/StarterContent/Textures/T_Shelf_N.uasset,132,
a37ddbf963b190a340c49b9c1901efbd430f5a85,DELETE,regular-file,Content/StarterContent/Textures/T_Single_Tile_N.uasset,129,
12c905f1979052cfa9f7ed7aaf5db8f2dcb70f3e,DELETE,regular-file,Content/StarterContent/Textures/T_Smoke_SubUV.uasset,132,
9d6f98648cc796f80db45a036248310e52749d48,DELETE,regular-file,Content/StarterContent/Textures/T_Smoke_Tiled_D.uasset,130,
614a8b6dce35f6b02d9446de2dafcba84203b299,DELETE,regular-file,Content/StarterContent/Textures/T_Spark_Core.uasset,131,
f6cd4bde8f2122c47e06e4ea52ed81d409014b03,DELETE,regular-file,Content/StarterContent/Textures/T_Statue_M.uasset,131,
e55a7c3cdca9f7abcd2935b7e67686d5cdeae4f5,DELETE,regular-file,Content/StarterContent/Textures/T_Statue_N.uasset,131,
734aadc1459cd7f96ede79b35fe9c2b550580279,DELETE,regular-file,Content/StarterContent/Textures/T_TableRound_M.uasset,131,
cb4c719ee7f0b60454208719d4b9e2380a8e6fb9,DELETE,regular-file,Content/StarterContent/Textures/T_TableRound_N.uasset,132,
7c7226924a9b3bff16aeade06ec104842c6035df,DELETE,regular-file,Content/StarterContent/Textures/T_Tech_Dot_M.uasset,130,
5195758d2ca41e4e3c5241a9396c78f944c860ff,DELETE,regular-file,Content/StarterContent/Textures/T_Tech_Dot_N.uasset,131,
a59e13a8284ba8d16de34427bd612f1c1847d029,DELETE,regular-file,Content/StarterContent/Textures/T_Tech_Hex_Tile_M.uasset,131,
4fb62e1178646c1addab7c08647ee3452383bced,DELETE,regular-file,Content/StarterContent/Textures/T_Tech_Hex_Tile_N.uasset,131,
2a4b188f647b61192cdda188c48d279a35aeafbe,DELETE,regular-file,Content/StarterContent/Textures/T_Tech_Panel_M.uasset,131,
0336dff0cca6796aa41e64a70c292c8582d55ad4,DELETE,regular-file,Content/StarterContent/Textures/T_Tech_Panel_N.uasset,132,
a97725cee91f61dd6f8aab25e71f40afac148962,DELETE,regular-file,Content/StarterContent/Textures/T_Water_M.uasset,132,
65370c586ef506404bc41ccb932f852dafbdbd0f,DELETE,regular-file,Content/StarterContent/Textures/T_Water_N.uasset,132,
3c726859b686da3b71fd7554227da2999dd76e86,DELETE,regular-file,Content/StarterContent/Textures/T_Wood_Floor_Walnut_D.uasset,132,
9690785104d577c25e8b95fe454f6a4bce04a9cd,DELETE,regular-file,Content/StarterContent/Textures/T_Wood_Floor_Walnut_M.uasset,132,
5200275055c97d92afe041d0a6b10000c58175a5,DELETE,regular-file,Content/StarterContent/Textures/T_Wood_Floor_Walnut_N.uasset,132,
0ab273e7efb16b564c3ac742acb86b196e4c2f28,DELETE,regular-file,Content/StarterContent/Textures/T_Wood_Oak_D.uasset,132,
7af102d3204c61c0d0b4035eefbfa2fd29f4b248,DELETE,regular-file,Content/StarterContent/Textures/T_Wood_Oak_N.uasset,132,
31ddb19e75489e24a7c6ebc44f16428b688b60f3,DELETE,regular-file,Content/StarterContent/Textures/T_Wood_Pine_D.uasset,132,
b53b21fc8e4a2e5ac867aecda9ff58c587deb36e,DELETE,regular-file,Content/StarterContent/Textures/T_Wood_Pine_N.uasset,132,
75fc93b846c95da7c0ac8d695d0a8cb8c44fa4a1,DELETE,regular-file,Content/StarterContent/Textures/T_Wood_Walnut_D.uasset,132,
7a28b5200c36e8934f75ab331dad93b2fccc05f2,DELETE,regular-file,Content/StarterContent/Textures/T_Wood_Walnut_N.uasset,132,
62cfc6e71f41486f93a11066dcae771c694c52cd,DELETE,regular-file,Content/StarterContent/Textures/T_ground_Moss_D.uasset,133,
7e773ec036f5fd1b967dc8aa7ddca4e83e4b66f5,DELETE,regular-file,Content/Textures/UI/Map_01.png,132,
4b3af2975724bac1a1526c758bd2680c974f60f1,DELETE,regular-file,Content/Textures/UI/Map_01.uasset,132,
0b9f0406b46ff04bed1c5ef972454b6a04de5ed8,DELETE,regular-file,Content/Textures/UI/Map_02.png,132,
691f156e47482ba9ee55cc6a2050fa3c235e40c8,DELETE,regular-file,Content/Textures/UI/Map_02.uasset,132,
bd2745c04f1dccd7856eb447f7e42ebf444e9da1,DELETE,regular-file,Content/Textures/UI/___01_copy.uasset,131,
2b2d67ac10f5854e5a4e10cd22345b4b2a449e0c,DELETE,regular-file,Content/Weapons/Generic/Materials/M_Weapon.uasset,130,
1055196fcef483a8d94e3ecd62d3eaf2c02d8f82,DELETE,regular-file,Content/Weapons/Generic/Textures/T_Weapon_AORM.uasset,129,
139a5c9fb56ffc2eb1b97b3af7ce7980feba3fb6,DELETE,regular-file,Content/Weapons/Generic/Textures/T_Weapon_D.uasset,129,
d4eeb5f00bd2979850f54714c7dd4bb938d24972,DELETE,regular-file,Content/Weapons/Generic/Textures/T_Weapon_Mask.uasset,129,
e899a72ed6b201014e5a5356fa9b6afec5275356,DELETE,regular-file,Content/Weapons/Generic/Textures/T_Weapon_N.uasset,129,
55e83fad946125d5c74ddd54aeb9c5d3f6b65471,DELETE,regular-file,Content/Weapons/Pistol/Materials/MI_Weapon_Pistol.uasset,130,
26a175a944941215b28300704fcb45528a3e63f4,DELETE,regular-file,Content/Weapons/Pistol/Mesh/SK_Pistol.uasset,132,
406d88acaaf2ed61bed80680dd0195c0d1f0f23a,DELETE,regular-file,Content/Weapons/Pistol/Mesh/SK_Pistol_PhysicsAsset.uasset,129,
2f9dbbfbb0a60fcddbf6e6e152d6f765f8eca854,DELETE,regular-file,Content/Weapons/Pistol/Mesh/SK_Pistol_Skeleton.uasset,129,
ffc48260971a02545e47d7a4e3ad566393355787,DELETE,regular-file,Content/Weapons/Pistol/Textures/T_Pistol_AORM.uasset,133,
cc0eca01be1083339ac9c9bafb7cf05de033235a,DELETE,regular-file,Content/Weapons/Pistol/Textures/T_Pistol_D.uasset,133,
accb0765e2ca6e957bf7dee3647bea7f3bc12b62,DELETE,regular-file,Content/Weapons/Pistol/Textures/T_Pistol_Masks.uasset,131,
0c1d9cb3b2f1e4033a69fb1639e0694ff0d89b30,DELETE,regular-file,Content/Weapons/Pistol/Textures/T_Pistol_N.uasset,133,
2f12ae8e7ebae891837e16f2cce5eac1966e0cb7,DELETE,regular-file,Content/Weapons/Rifle/Materials/MI_Weapon_Rifle.uasset,130,
543d502140a93ec34f09e4f2e817b4e274db9704,DELETE,regular-file,Content/Weapons/Rifle/Mesh/SK_Rifle.uasset,132,
a6ed85e1dff2e0ff1fdd1c4a2f932ca54779d7ee,DELETE,regular-file,Content/Weapons/Rifle/Mesh/SK_Rifle_PhysicsAsset.uasset,129,
b14dedf1dd88c5385e6f0b13ff15dc285859b7a0,DELETE,regular-file,Content/Weapons/Rifle/Mesh/SK_Rifle_Skeleton.uasset,129,
01aa3e0392ee0336c02605bcca1cbe624b6204db,DELETE,regular-file,Content/Weapons/Rifle/Textures/T_Rifle_AORM.uasset,133,
d0374d66f3f274e80cbc5987f37874306822c5c4,DELETE,regular-file,Content/Weapons/Rifle/Textures/T_Rifle_Combined_N.uasset,133,
79b6b7de586e93aa6537221b46cc1bf944c7ffea,DELETE,regular-file,Content/Weapons/Rifle/Textures/T_Rifle_D.uasset,133,
81879e8c53ece86a6c6de0d29fc59d317877dc02,DELETE,regular-file,Content/Weapons/Rifle/Textures/T_Rifle_Masks.uasset,131,
d96be5c3481a33bc6b540d72c3431f956c28c605,DELETE,regular-file,Content/Weapons/Shotgun/Materials/MI_Weapon_Shotgun.uasset,130,
246a2e4be201e31b26ec3b55dc3679b9239b51c0,DELETE,regular-file,Content/Weapons/Shotgun/Mesh/SKM_Shotgun.uasset,132,
0491fe66752ba0086b04684f4eac04e558d0c957,DELETE,regular-file,Content/Weapons/Shotgun/Mesh/SK_Shotgun_PhysicsAsset.uasset,129,
682d172478ba85e9ccbcd88559217dac40478dd3,DELETE,regular-file,Content/Weapons/Shotgun/Mesh/SK_Shotgun_Skeleton.uasset,129,
784ebc90e6413ff224090e0860cdf2730cce4146,DELETE,regular-file,Content/Weapons/Shotgun/Texture/T_Shotgun_AORM.uasset,133,
59da0bd24e2346a8b3a9d7f8cb6452f0be94ad63,DELETE,regular-file,Content/Weapons/Shotgun/Texture/T_Shotgun_D.uasset,133,
a7bacda33efffcf2e743d6fd7a8fef4367e76a9b,DELETE,regular-file,Content/Weapons/Shotgun/Texture/T_Shotgun_Mask.uasset,131,
4faec2b165694affc0c284eda6f6e472689e5027,DELETE,regular-file,Content/Weapons/Shotgun/Texture/T_shotgun_N.uasset,133,
06988e4403dc17c267401022de3ed13cbc58e78a,DELETE,regular-file,Content/Widgets/WB_LevelRowInfo.uasset,130,
bfeb148d4d8649ae47bd46d042e71f20d14986af,DELETE,regular-file,Content/Widgets/WB_LoadScreen.uasset,130,
e8c2e34586baf5d96ce43feaa90e03651e9085dd,DELETE,regular-file,Content/Widgets/WB_LobbyMenu.uasset,131,
f8aef27eb67774ff0f244b2d132d99bad1d0ae7d,DELETE,regular-file,Content/Widgets/WB_MainMenu.uasset,130,
18793029615db1554a8f8d5afe30247875076603,DELETE,regular-file,Content/Widgets/WB_MpMenu.uasset,131,
12552de2989ef94459aaa510685bbcf266c48f1b,DELETE,regular-file,Content/Widgets/WB_ServerRow.uasset,131,
